file,line,type,commit,author,date,time,timezone,datetime,depth,length
style.css,1,css,2d2963df,Miny-oung-K,2025-10-10,19:16:21,-07:00,2025-10-10T19:16:21-07:00,0,5
style.css,2,css,2d2963df,Miny-oung-K,2025-10-10,19:16:21,-07:00,2025-10-10T19:16:21-07:00,1,31
style.css,3,css,2d2963df,Miny-oung-K,2025-10-10,19:16:21,-07:00,2025-10-10T19:16:21-07:00,1,32
style.css,4,css,2d2963df,Miny-oung-K,2025-10-10,19:16:21,-07:00,2025-10-10T19:16:21-07:00,0,0
style.css,5,css,2d2963df,Miny-oung-K,2025-10-10,19:16:21,-07:00,2025-10-10T19:16:21-07:00,0,0
style.css,6,css,bb666765,Miny-oung-K,2025-10-17,16:33:37,-07:00,2025-10-17T16:33:37-07:00,0,53
style.css,7,css,bb666765,Miny-oung-K,2025-10-17,16:33:37,-07:00,2025-10-17T16:33:37-07:00,0,4
style.css,8,css,bb666765,Miny-oung-K,2025-10-17,16:33:37,-07:00,2025-10-17T16:33:37-07:00,1,23
style.css,9,css,bb666765,Miny-oung-K,2025-10-17,16:33:37,-07:00,2025-10-17T16:33:37-07:00,1,17
style.css,10,css,bb666765,Miny-oung-K,2025-10-17,16:33:37,-07:00,2025-10-17T16:33:37-07:00,1,16
style.css,11,css,bb666765,Miny-oung-K,2025-10-17,16:33:37,-07:00,2025-10-17T16:33:37-07:00,0,0
style.css,12,css,bb666765,Miny-oung-K,2025-10-17,16:33:37,-07:00,2025-10-17T16:33:37-07:00,0,0
style.css,13,css,2f6b9632,Miny-oung-K,2025-09-28,16:51:51,-07:00,2025-09-28T16:51:51-07:00,0,4
style.css,14,css,2d2963df,Miny-oung-K,2025-10-10,19:16:21,-07:00,2025-10-10T19:16:21-07:00,1,23
style.css,15,css,bb666765,Miny-oung-K,2025-10-17,16:33:37,-07:00,2025-10-17T16:33:37-07:00,1,15
style.css,16,css,bb666765,Miny-oung-K,2025-10-17,16:33:37,-07:00,2025-10-17T16:33:37-07:00,1,42
style.css,17,css,bb666765,Miny-oung-K,2025-10-17,16:33:37,-07:00,2025-10-17T16:33:37-07:00,1,18
style.css,18,css,2d2963df,Miny-oung-K,2025-10-10,19:16:21,-07:00,2025-10-10T19:16:21-07:00,0,0
style.css,19,css,2d2963df,Miny-oung-K,2025-10-10,19:16:21,-07:00,2025-10-10T19:16:21-07:00,0,0
style.css,20,css,2d2963df,Miny-oung-K,2025-10-10,19:16:21,-07:00,2025-10-10T19:16:21-07:00,0,3
style.css,21,css,2d2963df,Miny-oung-K,2025-10-10,19:16:21,-07:00,2025-10-10T19:16:21-07:00,1,14
style.css,22,css,2d2963df,Miny-oung-K,2025-10-10,19:16:21,-07:00,2025-10-10T19:16:21-07:00,1,11
style.css,23,css,2d2963df,Miny-oung-K,2025-10-10,19:16:21,-07:00,2025-10-10T19:16:21-07:00,1,13
style.css,24,css,2d2963df,Miny-oung-K,2025-10-10,19:16:21,-07:00,2025-10-10T19:16:21-07:00,1,18
style.css,25,css,2d2963df,Miny-oung-K,2025-10-10,19:16:21,-07:00,2025-10-10T19:16:21-07:00,0,0
style.css,26,css,2d2963df,Miny-oung-K,2025-10-10,19:16:21,-07:00,2025-10-10T19:16:21-07:00,0,0
style.css,27,css,bb666765,Miny-oung-K,2025-10-17,16:33:37,-07:00,2025-10-17T16:33:37-07:00,0,40
style.css,28,css,2d2963df,Miny-oung-K,2025-10-10,19:16:21,-07:00,2025-10-10T19:16:21-07:00,0,3
style.css,29,css,bb666765,Miny-oung-K,2025-10-17,16:33:37,-07:00,2025-10-17T16:33:37-07:00,1,12
style.css,30,css,bb666765,Miny-oung-K,2025-10-17,16:33:37,-07:00,2025-10-17T16:33:37-07:00,1,39
style.css,31,css,bb666765,Miny-oung-K,2025-10-17,16:33:37,-07:00,2025-10-17T16:33:37-07:00,1,43
style.css,32,css,bb666765,Miny-oung-K,2025-10-17,16:33:37,-07:00,2025-10-17T16:33:37-07:00,1,18
style.css,33,css,2d2963df,Miny-oung-K,2025-10-10,19:16:21,-07:00,2025-10-10T19:16:21-07:00,0,0
style.css,34,css,2d2963df,Miny-oung-K,2025-10-10,19:16:21,-07:00,2025-10-10T19:16:21-07:00,0,0
style.css,35,css,2d2963df,Miny-oung-K,2025-10-10,19:16:21,-07:00,2025-10-10T19:16:21-07:00,0,5
style.css,36,css,bb666765,Miny-oung-K,2025-10-17,16:33:37,-07:00,2025-10-17T16:33:37-07:00,1,6
style.css,37,css,bb666765,Miny-oung-K,2025-10-17,16:33:37,-07:00,2025-10-17T16:33:37-07:00,1,17
style.css,38,css,bb666765,Miny-oung-K,2025-10-17,16:33:37,-07:00,2025-10-17T16:33:37-07:00,1,20
style.css,39,css,bb666765,Miny-oung-K,2025-10-17,16:33:37,-07:00,2025-10-17T16:33:37-07:00,1,13
style.css,40,css,bb666765,Miny-oung-K,2025-10-17,16:33:37,-07:00,2025-10-17T16:33:37-07:00,1,15
style.css,41,css,bb666765,Miny-oung-K,2025-10-17,16:33:37,-07:00,2025-10-17T16:33:37-07:00,1,37
style.css,42,css,2d2963df,Miny-oung-K,2025-10-10,19:16:21,-07:00,2025-10-10T19:16:21-07:00,1,51
style.css,43,css,2d2963df,Miny-oung-K,2025-10-10,19:16:21,-07:00,2025-10-10T19:16:21-07:00,1,15
style.css,44,css,2d2963df,Miny-oung-K,2025-10-10,19:16:21,-07:00,2025-10-10T19:16:21-07:00,0,0
style.css,45,css,2d2963df,Miny-oung-K,2025-10-10,19:16:21,-07:00,2025-10-10T19:16:21-07:00,0,0
style.css,46,css,2d2963df,Miny-oung-K,2025-10-10,19:16:21,-07:00,2025-10-10T19:16:21-07:00,0,13
style.css,47,css,bb666765,Miny-oung-K,2025-10-17,16:33:37,-07:00,2025-10-17T16:33:37-07:00,1,39
style.css,48,css,bb666765,Miny-oung-K,2025-10-17,16:33:37,-07:00,2025-10-17T16:33:37-07:00,1,20
style.css,49,css,2d2963df,Miny-oung-K,2025-10-10,19:16:21,-07:00,2025-10-10T19:16:21-07:00,1,15
style.css,50,css,2d2963df,Miny-oung-K,2025-10-10,19:16:21,-07:00,2025-10-10T19:16:21-07:00,0,0
style.css,51,css,2d2963df,Miny-oung-K,2025-10-10,19:16:21,-07:00,2025-10-10T19:16:21-07:00,0,0
style.css,52,css,bb666765,Miny-oung-K,2025-10-17,16:33:37,-07:00,2025-10-17T16:33:37-07:00,0,44
style.css,53,css,2d2963df,Miny-oung-K,2025-10-10,19:16:21,-07:00,2025-10-10T19:16:21-07:00,0,11
style.css,54,css,2d2963df,Miny-oung-K,2025-10-10,19:16:21,-07:00,2025-10-10T19:16:21-07:00,1,39
style.css,55,css,2d2963df,Miny-oung-K,2025-10-10,19:16:21,-07:00,2025-10-10T19:16:21-07:00,1,20
style.css,56,css,bb666765,Miny-oung-K,2025-10-17,16:33:37,-07:00,2025-10-17T16:33:37-07:00,1,69
style.css,57,css,df690769,Miny-oung-K,2025-10-10,19:47:34,-07:00,2025-10-10T19:47:34-07:00,0,0
style.css,58,css,df690769,Miny-oung-K,2025-10-10,19:47:34,-07:00,2025-10-10T19:47:34-07:00,0,0
style.css,59,css,bb666765,Miny-oung-K,2025-10-17,16:33:37,-07:00,2025-10-17T16:33:37-07:00,0,19
style.css,60,css,bb666765,Miny-oung-K,2025-10-17,16:33:37,-07:00,2025-10-17T16:33:37-07:00,0,48
style.css,61,css,df690769,Miny-oung-K,2025-10-10,19:47:34,-07:00,2025-10-10T19:47:34-07:00,0,0
style.css,62,css,df690769,Miny-oung-K,2025-10-10,19:47:34,-07:00,2025-10-10T19:47:34-07:00,0,4
style.css,63,css,df690769,Miny-oung-K,2025-10-10,19:47:34,-07:00,2025-10-10T19:47:34-07:00,1,12
style.css,64,css,bb666765,Miny-oung-K,2025-10-17,16:33:37,-07:00,2025-10-17T16:33:37-07:00,1,30
style.css,65,css,df690769,Miny-oung-K,2025-10-10,19:47:34,-07:00,2025-10-10T19:47:34-07:00,1,18
style.css,66,css,bb666765,Miny-oung-K,2025-10-17,16:33:37,-07:00,2025-10-17T16:33:37-07:00,1,12
style.css,67,css,df690769,Miny-oung-K,2025-10-10,19:47:34,-07:00,2025-10-10T19:47:34-07:00,1,19
style.css,68,css,df690769,Miny-oung-K,2025-10-10,19:47:34,-07:00,2025-10-10T19:47:34-07:00,0,0
style.css,69,css,df690769,Miny-oung-K,2025-10-10,19:47:34,-07:00,2025-10-10T19:47:34-07:00,0,0
style.css,70,css,df690769,Miny-oung-K,2025-10-10,19:47:34,-07:00,2025-10-10T19:47:34-07:00,0,10
style.css,71,css,df690769,Miny-oung-K,2025-10-10,19:47:34,-07:00,2025-10-10T19:47:34-07:00,1,12
style.css,72,css,bb666765,Miny-oung-K,2025-10-17,16:33:37,-07:00,2025-10-17T16:33:37-07:00,1,29
style.css,73,css,bb666765,Miny-oung-K,2025-10-17,16:33:37,-07:00,2025-10-17T16:33:37-07:00,1,18
style.css,74,css,df690769,Miny-oung-K,2025-10-10,19:47:34,-07:00,2025-10-10T19:47:34-07:00,0,0
style.css,75,css,df690769,Miny-oung-K,2025-10-10,19:47:34,-07:00,2025-10-10T19:47:34-07:00,0,0
style.css,76,css,df690769,Miny-oung-K,2025-10-10,19:47:34,-07:00,2025-10-10T19:47:34-07:00,0,46
style.css,77,css,df690769,Miny-oung-K,2025-10-10,19:47:34,-07:00,2025-10-10T19:47:34-07:00,1,31
style.css,78,css,df690769,Miny-oung-K,2025-10-10,19:47:34,-07:00,2025-10-10T19:47:34-07:00,0,0
style.css,79,css,df690769,Miny-oung-K,2025-10-10,19:47:34,-07:00,2025-10-10T19:47:34-07:00,0,0
style.css,80,css,df690769,Miny-oung-K,2025-10-10,19:47:34,-07:00,2025-10-10T19:47:34-07:00,0,15
style.css,81,css,df690769,Miny-oung-K,2025-10-10,19:47:34,-07:00,2025-10-10T19:47:34-07:00,1,10
style.css,82,css,df690769,Miny-oung-K,2025-10-10,19:47:34,-07:00,2025-10-10T19:47:34-07:00,1,21
style.css,83,css,df690769,Miny-oung-K,2025-10-10,19:47:34,-07:00,2025-10-10T19:47:34-07:00,1,18
style.css,84,css,bb666765,Miny-oung-K,2025-10-17,16:33:37,-07:00,2025-10-17T16:33:37-07:00,1,36
style.css,85,css,df690769,Miny-oung-K,2025-10-10,19:47:34,-07:00,2025-10-10T19:47:34-07:00,1,19
style.css,86,css,df690769,Miny-oung-K,2025-10-10,19:47:34,-07:00,2025-10-10T19:47:34-07:00,0,0
style.css,87,css,df690769,Miny-oung-K,2025-10-10,19:47:34,-07:00,2025-10-10T19:47:34-07:00,0,0
style.css,88,css,df690769,Miny-oung-K,2025-10-10,19:47:34,-07:00,2025-10-10T19:47:34-07:00,0,6
style.css,89,css,df690769,Miny-oung-K,2025-10-10,19:47:34,-07:00,2025-10-10T19:47:34-07:00,1,18
style.css,90,css,df690769,Miny-oung-K,2025-10-10,19:47:34,-07:00,2025-10-10T19:47:34-07:00,1,17
style.css,91,css,bb666765,Miny-oung-K,2025-10-17,16:33:37,-07:00,2025-10-17T16:33:37-07:00,1,36
style.css,92,css,df690769,Miny-oung-K,2025-10-10,19:47:34,-07:00,2025-10-10T19:47:34-07:00,1,19
style.css,93,css,bb666765,Miny-oung-K,2025-10-17,16:33:37,-07:00,2025-10-17T16:33:37-07:00,1,53
style.css,94,css,df690769,Miny-oung-K,2025-10-10,19:47:34,-07:00,2025-10-10T19:47:34-07:00,1,14
style.css,95,css,df690769,Miny-oung-K,2025-10-10,19:47:34,-07:00,2025-10-10T19:47:34-07:00,1,51
style.css,96,css,df690769,Miny-oung-K,2025-10-10,19:47:34,-07:00,2025-10-10T19:47:34-07:00,0,0
style.css,97,css,df690769,Miny-oung-K,2025-10-10,19:47:34,-07:00,2025-10-10T19:47:34-07:00,0,12
style.css,98,css,bb666765,Miny-oung-K,2025-10-17,16:33:37,-07:00,2025-10-17T16:33:37-07:00,1,69
style.css,99,css,df690769,Miny-oung-K,2025-10-10,19:47:34,-07:00,2025-10-10T19:47:34-07:00,1,32
style.css,100,css,9d15af72,Miny-oung-K,2025-10-10,21:37:29,-07:00,2025-10-10T21:37:29-07:00,0,0
style.css,101,css,9d15af72,Miny-oung-K,2025-10-10,21:37:29,-07:00,2025-10-10T21:37:29-07:00,0,0
style.css,102,css,bb666765,Miny-oung-K,2025-10-17,16:33:37,-07:00,2025-10-17T16:33:37-07:00,0,17
style.css,103,css,9d15af72,Miny-oung-K,2025-10-10,21:37:29,-07:00,2025-10-10T21:37:29-07:00,0,9
style.css,104,css,bb666765,Miny-oung-K,2025-10-17,16:33:37,-07:00,2025-10-17T16:33:37-07:00,1,12
style.css,105,css,9d15af72,Miny-oung-K,2025-10-10,21:37:29,-07:00,2025-10-10T21:37:29-07:00,1,58
style.css,106,css,bb666765,Miny-oung-K,2025-10-17,16:33:37,-07:00,2025-10-17T16:33:37-07:00,1,7
style.css,107,css,bb666765,Miny-oung-K,2025-10-17,16:33:37,-07:00,2025-10-17T16:33:37-07:00,1,17
style.css,108,css,bb666765,Miny-oung-K,2025-10-17,16:33:37,-07:00,2025-10-17T16:33:37-07:00,0,0
style.css,109,css,bb666765,Miny-oung-K,2025-10-17,16:33:37,-07:00,2025-10-17T16:33:37-07:00,0,0
style.css,110,css,bb666765,Miny-oung-K,2025-10-17,16:33:37,-07:00,2025-10-17T16:33:37-07:00,0,42
style.css,111,css,bb666765,Miny-oung-K,2025-10-17,16:33:37,-07:00,2025-10-17T16:33:37-07:00,0,13
style.css,112,css,bb666765,Miny-oung-K,2025-10-17,16:33:37,-07:00,2025-10-17T16:33:37-07:00,1,10
style.css,113,css,bb666765,Miny-oung-K,2025-10-17,16:33:37,-07:00,2025-10-17T16:33:37-07:00,1,12
style.css,114,css,bb666765,Miny-oung-K,2025-10-17,16:33:37,-07:00,2025-10-17T16:33:37-07:00,1,16
style.css,115,css,bb666765,Miny-oung-K,2025-10-17,16:33:37,-07:00,2025-10-17T16:33:37-07:00,1,20
style.css,116,css,bb666765,Miny-oung-K,2025-10-17,16:33:37,-07:00,2025-10-17T16:33:37-07:00,0,0
style.css,117,css,bb666765,Miny-oung-K,2025-10-17,16:33:37,-07:00,2025-10-17T16:33:37-07:00,0,0
style.css,118,css,bb666765,Miny-oung-K,2025-10-17,16:33:37,-07:00,2025-10-17T16:33:37-07:00,0,35
style.css,119,css,bb666765,Miny-oung-K,2025-10-17,16:33:37,-07:00,2025-10-17T16:33:37-07:00,0,13
style.css,120,css,bb666765,Miny-oung-K,2025-10-17,16:33:37,-07:00,2025-10-17T16:33:37-07:00,1,17
style.css,121,css,bb666765,Miny-oung-K,2025-10-17,16:33:37,-07:00,2025-10-17T16:33:37-07:00,1,8
style.css,122,css,bb666765,Miny-oung-K,2025-10-17,16:33:37,-07:00,2025-10-17T16:33:37-07:00,1,10
style.css,123,css,bb666765,Miny-oung-K,2025-10-17,16:33:37,-07:00,2025-10-17T16:33:37-07:00,1,13
style.css,124,css,bb666765,Miny-oung-K,2025-10-17,16:33:37,-07:00,2025-10-17T16:33:37-07:00,1,53
style.css,125,css,bb666765,Miny-oung-K,2025-10-17,16:33:37,-07:00,2025-10-17T16:33:37-07:00,1,36
style.css,126,css,bb666765,Miny-oung-K,2025-10-17,16:33:37,-07:00,2025-10-17T16:33:37-07:00,1,19
style.css,127,css,bb666765,Miny-oung-K,2025-10-17,16:33:37,-07:00,2025-10-17T16:33:37-07:00,1,19
style.css,128,css,bb666765,Miny-oung-K,2025-10-17,16:33:37,-07:00,2025-10-17T16:33:37-07:00,0,0
style.css,129,css,bb666765,Miny-oung-K,2025-10-17,16:33:37,-07:00,2025-10-17T16:33:37-07:00,0,43
style.css,130,css,d084bb6b,Miny-oung-K,2025-10-22,16:08:48,-07:00,2025-10-22T16:08:48-07:00,0,0
style.css,131,css,d084bb6b,Miny-oung-K,2025-10-22,16:08:48,-07:00,2025-10-22T16:08:48-07:00,0,9
style.css,132,css,d084bb6b,Miny-oung-K,2025-10-22,16:08:48,-07:00,2025-10-22T16:08:48-07:00,1,12
style.css,133,css,d084bb6b,Miny-oung-K,2025-10-22,16:08:48,-07:00,2025-10-22T16:08:48-07:00,1,36
style.css,134,css,d084bb6b,Miny-oung-K,2025-10-22,16:08:48,-07:00,2025-10-22T16:08:48-07:00,1,14
style.css,135,css,d084bb6b,Miny-oung-K,2025-10-22,16:08:48,-07:00,2025-10-22T16:08:48-07:00,1,17
style.css,136,css,d084bb6b,Miny-oung-K,2025-10-22,16:08:48,-07:00,2025-10-22T16:08:48-07:00,0,0
style.css,137,css,d084bb6b,Miny-oung-K,2025-10-22,16:08:48,-07:00,2025-10-22T16:08:48-07:00,0,0
style.css,138,css,d084bb6b,Miny-oung-K,2025-10-22,16:08:48,-07:00,2025-10-22T16:08:48-07:00,0,12
style.css,139,css,d084bb6b,Miny-oung-K,2025-10-22,16:08:48,-07:00,2025-10-22T16:08:48-07:00,1,10
style.css,140,css,d084bb6b,Miny-oung-K,2025-10-22,16:08:48,-07:00,2025-10-22T16:08:48-07:00,1,15
style.css,141,css,d084bb6b,Miny-oung-K,2025-10-22,16:08:48,-07:00,2025-10-22T16:08:48-07:00,0,0
style.css,142,css,d084bb6b,Miny-oung-K,2025-10-22,16:08:48,-07:00,2025-10-22T16:08:48-07:00,0,0
style.css,143,css,d084bb6b,Miny-oung-K,2025-10-22,16:08:48,-07:00,2025-10-22T16:08:48-07:00,0,12
style.css,144,css,d084bb6b,Miny-oung-K,2025-10-22,16:08:48,-07:00,2025-10-22T16:08:48-07:00,1,10
style.css,145,css,d084bb6b,Miny-oung-K,2025-10-22,16:08:48,-07:00,2025-10-22T16:08:48-07:00,1,8
style.css,146,css,d084bb6b,Miny-oung-K,2025-10-22,16:08:48,-07:00,2025-10-22T16:08:48-07:00,0,0
style.css,147,css,d084bb6b,Miny-oung-K,2025-10-22,16:08:48,-07:00,2025-10-22T16:08:48-07:00,0,0
style.css,148,css,cb0c2efb,Miny-oung-K,2025-10-26,22:27:51,-07:00,2025-10-26T22:27:51-07:00,0,13
style.css,149,css,cb0c2efb,Miny-oung-K,2025-10-26,22:27:51,-07:00,2025-10-26T22:27:51-07:00,1,12
style.css,150,css,cb0c2efb,Miny-oung-K,2025-10-26,22:27:51,-07:00,2025-10-26T22:27:51-07:00,1,21
style.css,151,css,cb0c2efb,Miny-oung-K,2025-10-26,22:27:51,-07:00,2025-10-26T22:27:51-07:00,1,9
style.css,152,css,cb0c2efb,Miny-oung-K,2025-10-26,22:27:51,-07:00,2025-10-26T22:27:51-07:00,0,0
style.css,153,css,cb0c2efb,Miny-oung-K,2025-10-26,22:27:51,-07:00,2025-10-26T22:27:51-07:00,0,0
style.css,154,css,cb0c2efb,Miny-oung-K,2025-10-26,22:27:51,-07:00,2025-10-26T22:27:51-07:00,0,13
style.css,155,css,cb0c2efb,Miny-oung-K,2025-10-26,22:27:51,-07:00,2025-10-26T22:27:51-07:00,1,23
style.css,156,css,cb0c2efb,Miny-oung-K,2025-10-26,22:27:51,-07:00,2025-10-26T22:27:51-07:00,1,17
style.css,157,css,cb0c2efb,Miny-oung-K,2025-10-26,22:27:51,-07:00,2025-10-26T22:27:51-07:00,1,16
style.css,158,css,cb0c2efb,Miny-oung-K,2025-10-26,22:27:51,-07:00,2025-10-26T22:27:51-07:00,1,10
style.css,159,css,cb0c2efb,Miny-oung-K,2025-10-26,22:27:51,-07:00,2025-10-26T22:27:51-07:00,1,17
style.css,160,css,cb0c2efb,Miny-oung-K,2025-10-26,22:27:51,-07:00,2025-10-26T22:27:51-07:00,0,0
style.css,161,css,cb0c2efb,Miny-oung-K,2025-10-26,22:27:51,-07:00,2025-10-26T22:27:51-07:00,0,0
style.css,162,css,501a59e8,Miny-oung-K,2025-10-31,19:32:50,-07:00,2025-10-31T19:32:50-07:00,0,13
style.css,163,css,a8fc46c3,Miny-oung-K,2025-10-26,23:18:39,-07:00,2025-10-26T23:18:39-07:00,0,18
style.css,164,css,a8fc46c3,Miny-oung-K,2025-10-26,23:18:39,-07:00,2025-10-26T23:18:39-07:00,1,14
style.css,165,css,a8fc46c3,Miny-oung-K,2025-10-26,23:18:39,-07:00,2025-10-26T23:18:39-07:00,1,16
style.css,166,css,a8fc46c3,Miny-oung-K,2025-10-26,23:18:39,-07:00,2025-10-26T23:18:39-07:00,1,16
style.css,167,css,a8fc46c3,Miny-oung-K,2025-10-26,23:18:39,-07:00,2025-10-26T23:18:39-07:00,1,13
style.css,168,css,a8fc46c3,Miny-oung-K,2025-10-26,23:18:39,-07:00,2025-10-26T23:18:39-07:00,1,18
style.css,169,css,a8fc46c3,Miny-oung-K,2025-10-26,23:18:39,-07:00,2025-10-26T23:18:39-07:00,0,0
style.css,170,css,a8fc46c3,Miny-oung-K,2025-10-26,23:18:39,-07:00,2025-10-26T23:18:39-07:00,0,0
style.css,171,css,06a575c5,Miny-oung-K,2025-10-27,16:25:00,-07:00,2025-10-27T16:25:00-07:00,0,23
style.css,172,css,06a575c5,Miny-oung-K,2025-10-27,16:25:00,-07:00,2025-10-27T16:25:00-07:00,1,14
style.css,173,css,06a575c5,Miny-oung-K,2025-10-27,16:25:00,-07:00,2025-10-27T16:25:00-07:00,1,16
style.css,174,css,06a575c5,Miny-oung-K,2025-10-27,16:25:00,-07:00,2025-10-27T16:25:00-07:00,0,0
style.css,175,css,06a575c5,Miny-oung-K,2025-10-27,16:25:00,-07:00,2025-10-27T16:25:00-07:00,0,0
style.css,176,css,06a575c5,Miny-oung-K,2025-10-27,16:25:00,-07:00,2025-10-27T16:25:00-07:00,0,51
style.css,177,css,06a575c5,Miny-oung-K,2025-10-27,16:25:00,-07:00,2025-10-27T16:25:00-07:00,1,11
style.css,178,css,06a575c5,Miny-oung-K,2025-10-27,16:25:00,-07:00,2025-10-27T16:25:00-07:00,0,0
style.css,179,css,06a575c5,Miny-oung-K,2025-10-27,16:25:00,-07:00,2025-10-27T16:25:00-07:00,0,0
style.css,180,css,501a59e8,Miny-oung-K,2025-10-31,19:32:50,-07:00,2025-10-31T19:32:50-07:00,0,26
style.css,181,css,501a59e8,Miny-oung-K,2025-10-31,19:32:50,-07:00,2025-10-31T19:32:50-07:00,0,14
style.css,182,css,501a59e8,Miny-oung-K,2025-10-31,19:32:50,-07:00,2025-10-31T19:32:50-07:00,1,12
style.css,183,css,501a59e8,Miny-oung-K,2025-10-31,19:32:50,-07:00,2025-10-31T19:32:50-07:00,1,22
style.css,184,css,501a59e8,Miny-oung-K,2025-10-31,19:32:50,-07:00,2025-10-31T19:32:50-07:00,1,18
style.css,185,css,501a59e8,Miny-oung-K,2025-10-31,19:32:50,-07:00,2025-10-31T19:32:50-07:00,1,8
style.css,186,css,501a59e8,Miny-oung-K,2025-10-31,19:32:50,-07:00,2025-10-31T19:32:50-07:00,1,14
style.css,187,css,501a59e8,Miny-oung-K,2025-10-31,19:32:50,-07:00,2025-10-31T19:32:50-07:00,1,16
style.css,188,css,501a59e8,Miny-oung-K,2025-10-31,19:32:50,-07:00,2025-10-31T19:32:50-07:00,0,0
style.css,189,css,501a59e8,Miny-oung-K,2025-10-31,19:32:50,-07:00,2025-10-31T19:32:50-07:00,0,0
style.css,190,css,501a59e8,Miny-oung-K,2025-10-31,19:32:50,-07:00,2025-10-31T19:32:50-07:00,0,47
style.css,191,css,06a575c5,Miny-oung-K,2025-10-27,16:25:00,-07:00,2025-10-27T16:25:00-07:00,0,11
style.css,192,css,06a575c5,Miny-oung-K,2025-10-27,16:25:00,-07:00,2025-10-27T16:25:00-07:00,1,12
style.css,193,css,06a575c5,Miny-oung-K,2025-10-27,16:25:00,-07:00,2025-10-27T16:25:00-07:00,1,58
style.css,194,css,06a575c5,Miny-oung-K,2025-10-27,16:25:00,-07:00,2025-10-27T16:25:00-07:00,1,14
style.css,195,css,06a575c5,Miny-oung-K,2025-10-27,16:25:00,-07:00,2025-10-27T16:25:00-07:00,1,17
style.css,196,css,06a575c5,Miny-oung-K,2025-10-27,16:25:00,-07:00,2025-10-27T16:25:00-07:00,1,14
style.css,197,css,06a575c5,Miny-oung-K,2025-10-27,16:25:00,-07:00,2025-10-27T16:25:00-07:00,1,36
style.css,198,css,06a575c5,Miny-oung-K,2025-10-27,16:25:00,-07:00,2025-10-27T16:25:00-07:00,1,19
style.css,199,css,06a575c5,Miny-oung-K,2025-10-27,16:25:00,-07:00,2025-10-27T16:25:00-07:00,1,53
style.css,200,css,501a59e8,Miny-oung-K,2025-10-31,19:32:50,-07:00,2025-10-31T19:32:50-07:00,1,6
style.css,201,css,501a59e8,Miny-oung-K,2025-10-31,19:32:50,-07:00,2025-10-31T19:32:50-07:00,1,14
style.css,202,css,06a575c5,Miny-oung-K,2025-10-27,16:25:00,-07:00,2025-10-27T16:25:00-07:00,0,0
style.css,203,css,06a575c5,Miny-oung-K,2025-10-27,16:25:00,-07:00,2025-10-27T16:25:00-07:00,0,0
style.css,204,css,06a575c5,Miny-oung-K,2025-10-27,16:25:00,-07:00,2025-10-27T16:25:00-07:00,0,14
style.css,205,css,06a575c5,Miny-oung-K,2025-10-27,16:25:00,-07:00,2025-10-27T16:25:00-07:00,1,12
style.css,206,css,06a575c5,Miny-oung-K,2025-10-27,16:25:00,-07:00,2025-10-27T16:25:00-07:00,1,18
style.css,207,css,06a575c5,Miny-oung-K,2025-10-27,16:25:00,-07:00,2025-10-27T16:25:00-07:00,1,9
style.css,208,css,06a575c5,Miny-oung-K,2025-10-27,16:25:00,-07:00,2025-10-27T16:25:00-07:00,1,15
style.css,209,css,06a575c5,Miny-oung-K,2025-10-27,16:25:00,-07:00,2025-10-27T16:25:00-07:00,1,20
style.css,210,css,06a575c5,Miny-oung-K,2025-10-27,16:25:00,-07:00,2025-10-27T16:25:00-07:00,1,19
style.css,211,css,06a575c5,Miny-oung-K,2025-10-27,16:25:00,-07:00,2025-10-27T16:25:00-07:00,1,16
style.css,212,css,06a575c5,Miny-oung-K,2025-10-27,16:25:00,-07:00,2025-10-27T16:25:00-07:00,0,0
style.css,213,css,06a575c5,Miny-oung-K,2025-10-27,16:25:00,-07:00,2025-10-27T16:25:00-07:00,0,0
style.css,214,css,06a575c5,Miny-oung-K,2025-10-27,16:25:00,-07:00,2025-10-27T16:25:00-07:00,0,22
style.css,215,css,06a575c5,Miny-oung-K,2025-10-27,16:25:00,-07:00,2025-10-27T16:25:00-07:00,1,20
style.css,216,css,06a575c5,Miny-oung-K,2025-10-27,16:25:00,-07:00,2025-10-27T16:25:00-07:00,1,9
style.css,217,css,06a575c5,Miny-oung-K,2025-10-27,16:25:00,-07:00,2025-10-27T16:25:00-07:00,1,10
style.css,218,css,06a575c5,Miny-oung-K,2025-10-27,16:25:00,-07:00,2025-10-27T16:25:00-07:00,1,18
style.css,219,css,06a575c5,Miny-oung-K,2025-10-27,16:25:00,-07:00,2025-10-27T16:25:00-07:00,1,17
style.css,220,css,06a575c5,Miny-oung-K,2025-10-27,16:25:00,-07:00,2025-10-27T16:25:00-07:00,1,23
style.css,221,css,06a575c5,Miny-oung-K,2025-10-27,16:25:00,-07:00,2025-10-27T16:25:00-07:00,1,66
style.css,222,css,06a575c5,Miny-oung-K,2025-10-27,16:25:00,-07:00,2025-10-27T16:25:00-07:00,0,0
style.css,223,css,06a575c5,Miny-oung-K,2025-10-27,16:25:00,-07:00,2025-10-27T16:25:00-07:00,0,0
style.css,224,css,501a59e8,Miny-oung-K,2025-10-31,19:32:50,-07:00,2025-10-31T19:32:50-07:00,0,41
style.css,225,css,06a575c5,Miny-oung-K,2025-10-27,16:25:00,-07:00,2025-10-27T16:25:00-07:00,0,9
style.css,226,css,501a59e8,Miny-oung-K,2025-10-31,19:32:50,-07:00,2025-10-31T19:32:50-07:00,1,57
style.css,227,css,501a59e8,Miny-oung-K,2025-10-31,19:32:50,-07:00,2025-10-31T19:32:50-07:00,0,0
style.css,228,css,06a575c5,Miny-oung-K,2025-10-27,16:25:00,-07:00,2025-10-27T16:25:00-07:00,0,0
style.css,229,css,501a59e8,Miny-oung-K,2025-10-31,19:32:50,-07:00,2025-10-31T19:32:50-07:00,0,32
style.css,230,css,501a59e8,Miny-oung-K,2025-10-31,19:32:50,-07:00,2025-10-31T19:32:50-07:00,1,17
style.css,231,css,06a575c5,Miny-oung-K,2025-10-27,16:25:00,-07:00,2025-10-27T16:25:00-07:00,0,0
style.css,232,css,06a575c5,Miny-oung-K,2025-10-27,16:25:00,-07:00,2025-10-27T16:25:00-07:00,0,0
style.css,233,css,06a575c5,Miny-oung-K,2025-10-27,16:25:00,-07:00,2025-10-27T16:25:00-07:00,0,23
style.css,234,css,06a575c5,Miny-oung-K,2025-10-27,16:25:00,-07:00,2025-10-27T16:25:00-07:00,1,30
style.css,235,css,06a575c5,Miny-oung-K,2025-10-27,16:25:00,-07:00,2025-10-27T16:25:00-07:00,1,18
style.css,236,css,06a575c5,Miny-oung-K,2025-10-27,16:25:00,-07:00,2025-10-27T16:25:00-07:00,0,0
style.css,237,css,501a59e8,Miny-oung-K,2025-10-31,19:32:50,-07:00,2025-10-31T19:32:50-07:00,0,0
style.css,238,css,501a59e8,Miny-oung-K,2025-10-31,19:32:50,-07:00,2025-10-31T19:32:50-07:00,0,55
style.css,239,css,501a59e8,Miny-oung-K,2025-10-31,19:32:50,-07:00,2025-10-31T19:32:50-07:00,0,10
style.css,240,css,501a59e8,Miny-oung-K,2025-10-31,19:32:50,-07:00,2025-10-31T19:32:50-07:00,1,10
style.css,241,css,501a59e8,Miny-oung-K,2025-10-31,19:32:50,-07:00,2025-10-31T19:32:50-07:00,1,21
style.css,242,css,501a59e8,Miny-oung-K,2025-10-31,19:32:50,-07:00,2025-10-31T19:32:50-07:00,1,18
style.css,243,css,501a59e8,Miny-oung-K,2025-10-31,19:32:50,-07:00,2025-10-31T19:32:50-07:00,1,60
style.css,244,css,501a59e8,Miny-oung-K,2025-10-31,19:32:50,-07:00,2025-10-31T19:32:50-07:00,1,20
style.css,245,css,501a59e8,Miny-oung-K,2025-10-31,19:32:50,-07:00,2025-10-31T19:32:50-07:00,1,59
style.css,246,css,501a59e8,Miny-oung-K,2025-10-31,19:32:50,-07:00,2025-10-31T19:32:50-07:00,1,12
style.css,247,css,501a59e8,Miny-oung-K,2025-10-31,19:32:50,-07:00,2025-10-31T19:32:50-07:00,1,14
style.css,248,css,501a59e8,Miny-oung-K,2025-10-31,19:32:50,-07:00,2025-10-31T19:32:50-07:00,0,0
style.css,249,css,501a59e8,Miny-oung-K,2025-10-31,19:32:50,-07:00,2025-10-31T19:32:50-07:00,0,0
style.css,250,css,501a59e8,Miny-oung-K,2025-10-31,19:32:50,-07:00,2025-10-31T19:32:50-07:00,0,16
style.css,251,css,501a59e8,Miny-oung-K,2025-10-31,19:32:50,-07:00,2025-10-31T19:32:50-07:00,1,32
style.css,252,css,501a59e8,Miny-oung-K,2025-10-31,19:32:50,-07:00,2025-10-31T19:32:50-07:00,1,56
style.css,253,css,501a59e8,Miny-oung-K,2025-10-31,19:32:50,-07:00,2025-10-31T19:32:50-07:00,1,12
style.css,254,css,501a59e8,Miny-oung-K,2025-10-31,19:32:50,-07:00,2025-10-31T19:32:50-07:00,0,0
index.js,1,js,d084bb6b,Miny-oung-K,2025-10-22,16:08:48,-07:00,2025-10-22T16:08:48-07:00,0,71
index.js,2,js,92c4a9a2,Miny-oung-K,2025-10-22,13:49:59,-07:00,2025-10-22T13:49:59-07:00,0,0
index.js,3,js,92c4a9a2,Miny-oung-K,2025-10-22,13:49:59,-07:00,2025-10-22T13:49:59-07:00,0,35
index.js,4,js,92c4a9a2,Miny-oung-K,2025-10-22,13:49:59,-07:00,2025-10-22T13:49:59-07:00,1,3
index.js,5,js,92c4a9a2,Miny-oung-K,2025-10-22,13:49:59,-07:00,2025-10-22T13:49:59-07:00,2,73
index.js,6,js,92c4a9a2,Miny-oung-K,2025-10-22,13:49:59,-07:00,2025-10-22T13:49:59-07:00,2,40
index.js,7,js,92c4a9a2,Miny-oung-K,2025-10-22,13:49:59,-07:00,2025-10-22T13:49:59-07:00,2,42
index.js,8,js,92c4a9a2,Miny-oung-K,2025-10-22,13:49:59,-07:00,2025-10-22T13:49:59-07:00,0,0
index.js,9,js,92c4a9a2,Miny-oung-K,2025-10-22,13:49:59,-07:00,2025-10-22T13:49:59-07:00,2,52
index.js,10,js,d084bb6b,Miny-oung-K,2025-10-22,16:08:48,-07:00,2025-10-22T16:08:48-07:00,2,21
index.js,11,js,92c4a9a2,Miny-oung-K,2025-10-22,13:49:59,-07:00,2025-10-22T13:49:59-07:00,0,0
index.js,12,js,6643f78d,Miny-oung-K,2025-10-22,15:38:45,-07:00,2025-10-22T15:38:45-07:00,2,55
index.js,13,js,92c4a9a2,Miny-oung-K,2025-10-22,13:49:59,-07:00,2025-10-22T13:49:59-07:00,0,0
index.js,14,js,d084bb6b,Miny-oung-K,2025-10-22,16:08:48,-07:00,2025-10-22T16:08:48-07:00,2,18
index.js,15,js,92c4a9a2,Miny-oung-K,2025-10-22,13:49:59,-07:00,2025-10-22T13:49:59-07:00,2,56
index.js,16,js,92c4a9a2,Miny-oung-K,2025-10-22,13:49:59,-07:00,2025-10-22T13:49:59-07:00,2,69
index.js,17,js,92c4a9a2,Miny-oung-K,2025-10-22,13:49:59,-07:00,2025-10-22T13:49:59-07:00,1,15
index.js,18,js,92c4a9a2,Miny-oung-K,2025-10-22,13:49:59,-07:00,2025-10-22T13:49:59-07:00,2,53
index.js,19,js,92c4a9a2,Miny-oung-K,2025-10-22,13:49:59,-07:00,2025-10-22T13:49:59-07:00,2,52
index.js,20,js,d084bb6b,Miny-oung-K,2025-10-22,16:08:48,-07:00,2025-10-22T16:08:48-07:00,2,76
index.js,21,js,d084bb6b,Miny-oung-K,2025-10-22,16:08:48,-07:00,2025-10-22T16:08:48-07:00,1,0
index.js,22,js,d084bb6b,Miny-oung-K,2025-10-22,16:08:48,-07:00,2025-10-22T16:08:48-07:00,0,0
index.js,23,js,d084bb6b,Miny-oung-K,2025-10-22,16:08:48,-07:00,2025-10-22T16:08:48-07:00,0,0
index.js,24,js,d084bb6b,Miny-oung-K,2025-10-22,16:08:48,-07:00,2025-10-22T16:08:48-07:00,0,32
index.js,25,js,d084bb6b,Miny-oung-K,2025-10-22,16:08:48,-07:00,2025-10-22T16:08:48-07:00,1,3
index.js,26,js,d084bb6b,Miny-oung-K,2025-10-22,16:08:48,-07:00,2025-10-22T16:08:48-07:00,2,54
index.js,27,js,d084bb6b,Miny-oung-K,2025-10-22,16:08:48,-07:00,2025-10-22T16:08:48-07:00,0,0
index.js,28,js,d084bb6b,Miny-oung-K,2025-10-22,16:08:48,-07:00,2025-10-22T16:08:48-07:00,2,60
index.js,29,js,d084bb6b,Miny-oung-K,2025-10-22,16:08:48,-07:00,2025-10-22T16:08:48-07:00,2,39
index.js,30,js,d084bb6b,Miny-oung-K,2025-10-22,16:08:48,-07:00,2025-10-22T16:08:48-07:00,0,0
index.js,31,js,d084bb6b,Miny-oung-K,2025-10-22,16:08:48,-07:00,2025-10-22T16:08:48-07:00,2,24
index.js,32,js,d084bb6b,Miny-oung-K,2025-10-22,16:08:48,-07:00,2025-10-22T16:08:48-07:00,3,19
index.js,33,js,d084bb6b,Miny-oung-K,2025-10-22,16:08:48,-07:00,2025-10-22T16:08:48-07:00,4,54
index.js,34,js,d084bb6b,Miny-oung-K,2025-10-22,16:08:48,-07:00,2025-10-22T16:08:48-07:00,4,54
index.js,35,js,d084bb6b,Miny-oung-K,2025-10-22,16:08:48,-07:00,2025-10-22T16:08:48-07:00,4,48
index.js,36,js,d084bb6b,Miny-oung-K,2025-10-22,16:08:48,-07:00,2025-10-22T16:08:48-07:00,4,48
index.js,37,js,d084bb6b,Miny-oung-K,2025-10-22,16:08:48,-07:00,2025-10-22T16:08:48-07:00,3,3
index.js,38,js,d084bb6b,Miny-oung-K,2025-10-22,16:08:48,-07:00,2025-10-22T16:08:48-07:00,2,0
index.js,39,js,d084bb6b,Miny-oung-K,2025-10-22,16:08:48,-07:00,2025-10-22T16:08:48-07:00,1,13
index.js,40,js,d084bb6b,Miny-oung-K,2025-10-22,16:08:48,-07:00,2025-10-22T16:08:48-07:00,2,48
index.js,41,js,d084bb6b,Miny-oung-K,2025-10-22,16:08:48,-07:00,2025-10-22T16:08:48-07:00,2,60
index.js,42,js,d084bb6b,Miny-oung-K,2025-10-22,16:08:48,-07:00,2025-10-22T16:08:48-07:00,2,74
index.js,43,js,92c4a9a2,Miny-oung-K,2025-10-22,13:49:59,-07:00,2025-10-22T13:49:59-07:00,1,0
index.js,44,js,92c4a9a2,Miny-oung-K,2025-10-22,13:49:59,-07:00,2025-10-22T13:49:59-07:00,0,0
index.js,45,js,92c4a9a2,Miny-oung-K,2025-10-22,13:49:59,-07:00,2025-10-22T13:49:59-07:00,0,0
index.js,46,js,92c4a9a2,Miny-oung-K,2025-10-22,13:49:59,-07:00,2025-10-22T13:49:59-07:00,0,38
index.js,47,js,d084bb6b,Miny-oung-K,2025-10-22,16:08:48,-07:00,2025-10-22T16:08:48-07:00,1,51
index.js,48,js,d084bb6b,Miny-oung-K,2025-10-22,16:08:48,-07:00,2025-10-22T16:08:48-07:00,2,19
index.js,49,js,d084bb6b,Miny-oung-K,2025-10-22,16:08:48,-07:00,2025-10-22T16:08:48-07:00,2,16
index.js,50,js,d084bb6b,Miny-oung-K,2025-10-22,16:08:48,-07:00,2025-10-22T16:08:48-07:00,1,1
index.js,51,js,92c4a9a2,Miny-oung-K,2025-10-22,13:49:59,-07:00,2025-10-22T13:49:59-07:00,0,6
index.js,52,js,92c4a9a2,Miny-oung-K,2025-10-22,13:49:59,-07:00,2025-10-22T13:49:59-07:00,1,19
index.js,53,js,d084bb6b,Miny-oung-K,2025-10-22,16:08:48,-07:00,2025-10-22T16:08:48-07:00,1,16
index.js,54,js,6643f78d,Miny-oung-K,2025-10-22,15:38:45,-07:00,2025-10-22T15:38:45-07:00,0,0
index.html,1,html,1c9e2602,Miny-oung-K,2025-09-28,16:08:16,-07:00,2025-09-28T16:08:16-07:00,0,13
index.html,2,html,1c9e2602,Miny-oung-K,2025-09-28,16:08:16,-07:00,2025-09-28T16:08:16-07:00,0,14
index.html,3,html,1c9e2602,Miny-oung-K,2025-09-28,16:08:16,-07:00,2025-09-28T16:08:16-07:00,0,4
index.html,4,html,92c4a9a2,Miny-oung-K,2025-10-22,13:49:59,-07:00,2025-10-22T13:49:59-07:00,1,22
index.html,5,html,92c4a9a2,Miny-oung-K,2025-10-22,13:49:59,-07:00,2025-10-22T13:49:59-07:00,1,70
index.html,6,html,c8d13e74,Miny-oung-K,2025-10-17,16:18:39,-07:00,2025-10-17T16:18:39-07:00,1,54
index.html,7,html,92c4a9a2,Miny-oung-K,2025-10-22,13:49:59,-07:00,2025-10-22T13:49:59-07:00,1,40
index.html,8,html,1c9e2602,Miny-oung-K,2025-09-28,16:08:16,-07:00,2025-09-28T16:08:16-07:00,0,5
index.html,9,html,1c9e2602,Miny-oung-K,2025-09-28,16:08:16,-07:00,2025-09-28T16:08:16-07:00,0,4
index.html,10,html,c8d13e74,Miny-oung-K,2025-10-17,16:18:39,-07:00,2025-10-17T16:18:39-07:00,1,45
index.html,11,html,2f6b9632,Miny-oung-K,2025-09-28,16:51:51,-07:00,2025-09-28T16:51:51-07:00,0,0
index.html,12,html,92c4a9a2,Miny-oung-K,2025-10-22,13:49:59,-07:00,2025-10-22T13:49:59-07:00,1,6
index.html,13,html,92c4a9a2,Miny-oung-K,2025-10-22,13:49:59,-07:00,2025-10-22T13:49:59-07:00,2,19
index.html,14,html,92c4a9a2,Miny-oung-K,2025-10-22,13:49:59,-07:00,2025-10-22T13:49:59-07:00,2,1
index.html,15,html,92c4a9a2,Miny-oung-K,2025-10-22,13:49:59,-07:00,2025-10-22T13:49:59-07:00,3,98
index.html,16,html,92c4a9a2,Miny-oung-K,2025-10-22,13:49:59,-07:00,2025-10-22T13:49:59-07:00,3,101
index.html,17,html,92c4a9a2,Miny-oung-K,2025-10-22,13:49:59,-07:00,2025-10-22T13:49:59-07:00,3,96
index.html,18,html,92c4a9a2,Miny-oung-K,2025-10-22,13:49:59,-07:00,2025-10-22T13:49:59-07:00,3,92
index.html,19,html,92c4a9a2,Miny-oung-K,2025-10-22,13:49:59,-07:00,2025-10-22T13:49:59-07:00,2,2
index.html,20,html,92c4a9a2,Miny-oung-K,2025-10-22,13:49:59,-07:00,2025-10-22T13:49:59-07:00,2,90
index.html,21,html,92c4a9a2,Miny-oung-K,2025-10-22,13:49:59,-07:00,2025-10-22T13:49:59-07:00,1,7
index.html,22,html,1c9e2602,Miny-oung-K,2025-09-28,16:08:16,-07:00,2025-09-28T16:08:16-07:00,0,0
index.html,23,html,92c4a9a2,Miny-oung-K,2025-10-22,13:49:59,-07:00,2025-10-22T13:49:59-07:00,1,47
index.html,24,html,92c4a9a2,Miny-oung-K,2025-10-22,13:49:59,-07:00,2025-10-22T13:49:59-07:00,2,72
index.html,25,html,92c4a9a2,Miny-oung-K,2025-10-22,13:49:59,-07:00,2025-10-22T13:49:59-07:00,2,26
index.html,26,html,92c4a9a2,Miny-oung-K,2025-10-22,13:49:59,-07:00,2025-10-22T13:49:59-07:00,1,8
index.html,27,html,92c4a9a2,Miny-oung-K,2025-10-22,13:49:59,-07:00,2025-10-22T13:49:59-07:00,0,0
index.html,28,html,d084bb6b,Miny-oung-K,2025-10-22,16:08:48,-07:00,2025-10-22T16:08:48-07:00,1,40
index.html,29,html,d084bb6b,Miny-oung-K,2025-10-22,16:08:48,-07:00,2025-10-22T16:08:48-07:00,2,39
index.html,30,html,d084bb6b,Miny-oung-K,2025-10-22,16:08:48,-07:00,2025-10-22T16:08:48-07:00,2,28
index.html,31,html,d084bb6b,Miny-oung-K,2025-10-22,16:08:48,-07:00,2025-10-22T16:08:48-07:00,1,8
index.html,32,html,d084bb6b,Miny-oung-K,2025-10-22,16:08:48,-07:00,2025-10-22T16:08:48-07:00,0,0
index.html,33,html,92c4a9a2,Miny-oung-K,2025-10-22,13:49:59,-07:00,2025-10-22T13:49:59-07:00,1,50
index.html,34,html,1c9e2602,Miny-oung-K,2025-09-28,16:08:16,-07:00,2025-09-28T16:08:16-07:00,0,5
index.html,35,html,1c9e2602,Miny-oung-K,2025-09-28,16:08:16,-07:00,2025-09-28T16:08:16-07:00,0,5
global.js,1,js,c8d13e74,Miny-oung-K,2025-10-17,16:18:39,-07:00,2025-10-17T16:18:39-07:00,0,25
global.js,2,js,58bc04b4,Miny-oung-K,2025-10-17,15:41:05,-07:00,2025-10-17T15:41:05-07:00,0,0
global.js,3,js,58bc04b4,Miny-oung-K,2025-10-17,15:41:05,-07:00,2025-10-17T15:41:05-07:00,0,41
global.js,4,js,58bc04b4,Miny-oung-K,2025-10-17,15:41:05,-07:00,2025-10-17T15:41:05-07:00,1,52
global.js,5,js,73d4bce4,Miny-oung-K,2025-10-17,15:54:38,-07:00,2025-10-17T15:54:38-07:00,0,0
global.js,6,js,73d4bce4,Miny-oung-K,2025-10-17,15:54:38,-07:00,2025-10-17T15:54:38-07:00,0,0
global.js,7,js,444bc26f,Miny-oung-K,2025-10-17,16:39:48,-07:00,2025-10-17T16:39:48-07:00,0,0
global.js,8,js,c8d13e74,Miny-oung-K,2025-10-17,16:18:39,-07:00,2025-10-17T16:18:39-07:00,0,13
global.js,9,js,444bc26f,Miny-oung-K,2025-10-17,16:39:48,-07:00,2025-10-17T16:39:48-07:00,1,25
global.js,10,js,444bc26f,Miny-oung-K,2025-10-17,16:39:48,-07:00,2025-10-17T16:39:48-07:00,1,38
global.js,11,js,444bc26f,Miny-oung-K,2025-10-17,16:39:48,-07:00,2025-10-17T16:39:48-07:00,1,34
global.js,12,js,444bc26f,Miny-oung-K,2025-10-17,16:39:48,-07:00,2025-10-17T16:39:48-07:00,1,36
global.js,13,js,00000000,Not Committed Yet,2025-11-02,17:29:08,-08:00,2025-11-02T17:29:08-08:00,1,34
global.js,14,js,444bc26f,Miny-oung-K,2025-10-17,16:39:48,-07:00,2025-10-17T16:39:48-07:00,1,57
global.js,15,js,444bc26f,Miny-oung-K,2025-10-17,16:39:48,-07:00,2025-10-17T16:39:48-07:00,1,80
global.js,16,js,c8d13e74,Miny-oung-K,2025-10-17,16:18:39,-07:00,2025-10-17T16:18:39-07:00,0,0
global.js,17,js,73d4bce4,Miny-oung-K,2025-10-17,15:54:38,-07:00,2025-10-17T15:54:38-07:00,0,0
global.js,18,js,c8d13e74,Miny-oung-K,2025-10-17,16:18:39,-07:00,2025-10-17T16:18:39-07:00,0,13
global.js,19,js,c8d13e74,Miny-oung-K,2025-10-17,16:18:39,-07:00,2025-10-17T16:18:39-07:00,1,69
global.js,20,js,73d4bce4,Miny-oung-K,2025-10-17,15:54:38,-07:00,2025-10-17T15:54:38-07:00,0,0
global.js,21,js,c8d13e74,Miny-oung-K,2025-10-17,16:18:39,-07:00,2025-10-17T16:18:39-07:00,0,18
global.js,22,js,c8d13e74,Miny-oung-K,2025-10-17,16:18:39,-07:00,2025-10-17T16:18:39-07:00,0,56
global.js,23,js,c8d13e74,Miny-oung-K,2025-10-17,16:18:39,-07:00,2025-10-17T16:18:39-07:00,1,73
global.js,24,js,c8d13e74,Miny-oung-K,2025-10-17,16:18:39,-07:00,2025-10-17T16:18:39-07:00,1,51
global.js,25,js,c8d13e74,Miny-oung-K,2025-10-17,16:18:39,-07:00,2025-10-17T16:18:39-07:00,0,0
global.js,26,js,c8d13e74,Miny-oung-K,2025-10-17,16:18:39,-07:00,2025-10-17T16:18:39-07:00,0,0
global.js,27,js,c8d13e74,Miny-oung-K,2025-10-17,16:18:39,-07:00,2025-10-17T16:18:39-07:00,0,40
global.js,28,js,c8d13e74,Miny-oung-K,2025-10-17,16:18:39,-07:00,2025-10-17T16:18:39-07:00,0,25
global.js,29,js,c8d13e74,Miny-oung-K,2025-10-17,16:18:39,-07:00,2025-10-17T16:18:39-07:00,0,0
global.js,30,js,c8d13e74,Miny-oung-K,2025-10-17,16:18:39,-07:00,2025-10-17T16:18:39-07:00,0,22
global.js,31,js,c8d13e74,Miny-oung-K,2025-10-17,16:18:39,-07:00,2025-10-17T16:18:39-07:00,1,14
global.js,32,js,c8d13e74,Miny-oung-K,2025-10-17,16:18:39,-07:00,2025-10-17T16:18:39-07:00,0,0
global.js,33,js,c8d13e74,Miny-oung-K,2025-10-17,16:18:39,-07:00,2025-10-17T16:18:39-07:00,1,31
global.js,34,js,c8d13e74,Miny-oung-K,2025-10-17,16:18:39,-07:00,2025-10-17T16:18:39-07:00,2,20
global.js,35,js,c8d13e74,Miny-oung-K,2025-10-17,16:18:39,-07:00,2025-10-17T16:18:39-07:00,1,0
global.js,36,js,73d4bce4,Miny-oung-K,2025-10-17,15:54:38,-07:00,2025-10-17T15:54:38-07:00,0,0
global.js,37,js,c8d13e74,Miny-oung-K,2025-10-17,16:18:39,-07:00,2025-10-17T16:18:39-07:00,1,36
global.js,38,js,c8d13e74,Miny-oung-K,2025-10-17,16:18:39,-07:00,2025-10-17T16:18:39-07:00,1,11
global.js,39,js,c8d13e74,Miny-oung-K,2025-10-17,16:18:39,-07:00,2025-10-17T16:18:39-07:00,1,22
global.js,40,js,73d4bce4,Miny-oung-K,2025-10-17,15:54:38,-07:00,2025-10-17T15:54:38-07:00,0,0
global.js,41,js,c8d13e74,Miny-oung-K,2025-10-17,16:18:39,-07:00,2025-10-17T16:18:39-07:00,1,42
global.js,42,js,c8d13e74,Miny-oung-K,2025-10-17,16:18:39,-07:00,2025-10-17T16:18:39-07:00,1,15
global.js,43,js,c8d13e74,Miny-oung-K,2025-10-17,16:18:39,-07:00,2025-10-17T16:18:39-07:00,2,18
global.js,44,js,c8d13e74,Miny-oung-K,2025-10-17,16:18:39,-07:00,2025-10-17T16:18:39-07:00,2,28
global.js,45,js,c8d13e74,Miny-oung-K,2025-10-17,16:18:39,-07:00,2025-10-17T16:18:39-07:00,1,0
global.js,46,js,c8d13e74,Miny-oung-K,2025-10-17,16:18:39,-07:00,2025-10-17T16:18:39-07:00,0,0
global.js,47,js,444bc26f,Miny-oung-K,2025-10-17,16:39:48,-07:00,2025-10-17T16:39:48-07:00,1,23
global.js,48,js,c8d13e74,Miny-oung-K,2025-10-17,16:18:39,-07:00,2025-10-17T16:18:39-07:00,1,17
global.js,49,js,c8d13e74,Miny-oung-K,2025-10-17,16:18:39,-07:00,2025-10-17T16:18:39-07:00,2,8
global.js,50,js,c8d13e74,Miny-oung-K,2025-10-17,16:18:39,-07:00,2025-10-17T16:18:39-07:00,2,58
global.js,51,js,c8d13e74,Miny-oung-K,2025-10-17,16:18:39,-07:00,2025-10-17T16:18:39-07:00,1,0
global.js,52,js,c8d13e74,Miny-oung-K,2025-10-17,16:18:39,-07:00,2025-10-17T16:18:39-07:00,0,0
global.js,53,js,c8d13e74,Miny-oung-K,2025-10-17,16:18:39,-07:00,2025-10-17T16:18:39-07:00,1,12
global.js,54,js,c8d13e74,Miny-oung-K,2025-10-17,16:18:39,-07:00,2025-10-17T16:18:39-07:00,0,0
global.js,55,js,444bc26f,Miny-oung-K,2025-10-17,16:39:48,-07:00,2025-10-17T16:39:48-07:00,0,0
global.js,56,js,444bc26f,Miny-oung-K,2025-10-17,16:39:48,-07:00,2025-10-17T16:39:48-07:00,0,0
global.js,57,js,444bc26f,Miny-oung-K,2025-10-17,16:39:48,-07:00,2025-10-17T16:39:48-07:00,0,31
global.js,58,js,444bc26f,Miny-oung-K,2025-10-17,16:39:48,-07:00,2025-10-17T16:39:48-07:00,1,11
global.js,59,js,444bc26f,Miny-oung-K,2025-10-17,16:39:48,-07:00,2025-10-17T16:39:48-07:00,1,0
global.js,60,js,444bc26f,Miny-oung-K,2025-10-17,16:39:48,-07:00,2025-10-17T16:39:48-07:00,1,26
global.js,61,js,444bc26f,Miny-oung-K,2025-10-17,16:39:48,-07:00,2025-10-17T16:39:48-07:00,2,4
global.js,62,js,444bc26f,Miny-oung-K,2025-10-17,16:39:48,-07:00,2025-10-17T16:39:48-07:00,2,31
global.js,63,js,444bc26f,Miny-oung-K,2025-10-17,16:39:48,-07:00,2025-10-17T16:39:48-07:00,3,43
global.js,64,js,444bc26f,Miny-oung-K,2025-10-17,16:39:48,-07:00,2025-10-17T16:39:48-07:00,3,34
global.js,65,js,444bc26f,Miny-oung-K,2025-10-17,16:39:48,-07:00,2025-10-17T16:39:48-07:00,3,32
global.js,66,js,444bc26f,Miny-oung-K,2025-10-17,16:39:48,-07:00,2025-10-17T16:39:48-07:00,2,7
global.js,67,js,444bc26f,Miny-oung-K,2025-10-17,16:39:48,-07:00,2025-10-17T16:39:48-07:00,1,6
global.js,68,js,444bc26f,Miny-oung-K,2025-10-17,16:39:48,-07:00,2025-10-17T16:39:48-07:00,1,0
global.js,69,js,444bc26f,Miny-oung-K,2025-10-17,16:39:48,-07:00,2025-10-17T16:39:48-07:00,0,0
global.js,70,js,444bc26f,Miny-oung-K,2025-10-17,16:39:48,-07:00,2025-10-17T16:39:48-07:00,0,0
global.js,71,js,444bc26f,Miny-oung-K,2025-10-17,16:39:48,-07:00,2025-10-17T16:39:48-07:00,0,60
global.js,72,js,444bc26f,Miny-oung-K,2025-10-17,16:39:48,-07:00,2025-10-17T16:39:48-07:00,0,0
global.js,73,js,444bc26f,Miny-oung-K,2025-10-17,16:39:48,-07:00,2025-10-17T16:39:48-07:00,0,0
global.js,74,js,444bc26f,Miny-oung-K,2025-10-17,16:39:48,-07:00,2025-10-17T16:39:48-07:00,0,30
global.js,75,js,444bc26f,Miny-oung-K,2025-10-17,16:39:48,-07:00,2025-10-17T16:39:48-07:00,1,64
global.js,76,js,444bc26f,Miny-oung-K,2025-10-17,16:39:48,-07:00,2025-10-17T16:39:48-07:00,0,0
global.js,77,js,444bc26f,Miny-oung-K,2025-10-17,16:39:48,-07:00,2025-10-17T16:39:48-07:00,0,0
global.js,78,js,444bc26f,Miny-oung-K,2025-10-17,16:39:48,-07:00,2025-10-17T16:39:48-07:00,0,37
global.js,79,js,444bc26f,Miny-oung-K,2025-10-17,16:39:48,-07:00,2025-10-17T16:39:48-07:00,0,43
global.js,80,js,444bc26f,Miny-oung-K,2025-10-17,16:39:48,-07:00,2025-10-17T16:39:48-07:00,0,22
global.js,81,js,444bc26f,Miny-oung-K,2025-10-17,16:39:48,-07:00,2025-10-17T16:39:48-07:00,0,21
global.js,82,js,444bc26f,Miny-oung-K,2025-10-17,16:39:48,-07:00,2025-10-17T16:39:48-07:00,0,0
global.js,83,js,444bc26f,Miny-oung-K,2025-10-17,16:39:48,-07:00,2025-10-17T16:39:48-07:00,0,0
global.js,84,js,444bc26f,Miny-oung-K,2025-10-17,16:39:48,-07:00,2025-10-17T16:39:48-07:00,0,39
global.js,85,js,444bc26f,Miny-oung-K,2025-10-17,16:39:48,-07:00,2025-10-17T16:39:48-07:00,1,27
global.js,86,js,444bc26f,Miny-oung-K,2025-10-17,16:39:48,-07:00,2025-10-17T16:39:48-07:00,1,20
global.js,87,js,444bc26f,Miny-oung-K,2025-10-17,16:39:48,-07:00,2025-10-17T16:39:48-07:00,1,31
global.js,88,js,444bc26f,Miny-oung-K,2025-10-17,16:39:48,-07:00,2025-10-17T16:39:48-07:00,1,47
global.js,89,js,444bc26f,Miny-oung-K,2025-10-17,16:39:48,-07:00,2025-10-17T16:39:48-07:00,0,1
global.js,90,js,4ac34199,Miny-oung-K,2025-10-21,23:14:23,-07:00,2025-10-21T23:14:23-07:00,0,0
global.js,91,js,4ac34199,Miny-oung-K,2025-10-21,23:14:23,-07:00,2025-10-21T23:14:23-07:00,0,36
global.js,92,js,4ac34199,Miny-oung-K,2025-10-21,23:14:23,-07:00,2025-10-21T23:14:23-07:00,1,3
global.js,93,js,4ac34199,Miny-oung-K,2025-10-21,23:14:23,-07:00,2025-10-21T23:14:23-07:00,2,32
global.js,94,js,4ac34199,Miny-oung-K,2025-10-21,23:14:23,-07:00,2025-10-21T23:14:23-07:00,2,51
global.js,95,js,4ac34199,Miny-oung-K,2025-10-21,23:14:23,-07:00,2025-10-21T23:14:23-07:00,0,0
global.js,96,js,4ac34199,Miny-oung-K,2025-10-21,23:14:23,-07:00,2025-10-21T23:14:23-07:00,2,17
global.js,97,js,4ac34199,Miny-oung-K,2025-10-21,23:14:23,-07:00,2025-10-21T23:14:23-07:00,3,66
global.js,98,js,4ac34199,Miny-oung-K,2025-10-21,23:14:23,-07:00,2025-10-21T23:14:23-07:00,2,0
global.js,99,js,4ac34199,Miny-oung-K,2025-10-21,23:14:23,-07:00,2025-10-21T23:14:23-07:00,0,0
global.js,100,js,4ac34199,Miny-oung-K,2025-10-21,23:14:23,-07:00,2025-10-21T23:14:23-07:00,2,33
global.js,101,js,4ac34199,Miny-oung-K,2025-10-21,23:14:23,-07:00,2025-10-21T23:14:23-07:00,2,10
global.js,102,js,4ac34199,Miny-oung-K,2025-10-21,23:14:23,-07:00,2025-10-21T23:14:23-07:00,0,0
global.js,103,js,4ac34199,Miny-oung-K,2025-10-21,23:14:23,-07:00,2025-10-21T23:14:23-07:00,1,15
global.js,104,js,4ac34199,Miny-oung-K,2025-10-21,23:14:23,-07:00,2025-10-21T23:14:23-07:00,2,59
global.js,105,js,4ac34199,Miny-oung-K,2025-10-21,23:14:23,-07:00,2025-10-21T23:14:23-07:00,2,8
global.js,106,js,4ac34199,Miny-oung-K,2025-10-21,23:14:23,-07:00,2025-10-21T23:14:23-07:00,1,0
global.js,107,js,4ac34199,Miny-oung-K,2025-10-21,23:14:23,-07:00,2025-10-21T23:14:23-07:00,0,0
global.js,108,js,4ac34199,Miny-oung-K,2025-10-21,23:14:23,-07:00,2025-10-21T23:14:23-07:00,0,0
global.js,109,js,6643f78d,Miny-oung-K,2025-10-22,15:38:45,-07:00,2025-10-22T15:38:45-07:00,0,107
global.js,110,js,4ac34199,Miny-oung-K,2025-10-21,23:14:23,-07:00,2025-10-21T23:14:23-07:00,1,30
global.js,111,js,4ac34199,Miny-oung-K,2025-10-21,23:14:23,-07:00,2025-10-21T23:14:23-07:00,0,0
global.js,112,js,4ac34199,Miny-oung-K,2025-10-21,23:14:23,-07:00,2025-10-21T23:14:23-07:00,1,39
global.js,113,js,4ac34199,Miny-oung-K,2025-10-21,23:14:23,-07:00,2025-10-21T23:14:23-07:00,2,55
global.js,114,js,4ac34199,Miny-oung-K,2025-10-21,23:14:23,-07:00,2025-10-21T23:14:23-07:00,2,5
global.js,115,js,4ac34199,Miny-oung-K,2025-10-21,23:14:23,-07:00,2025-10-21T23:14:23-07:00,1,0
global.js,116,js,4ac34199,Miny-oung-K,2025-10-21,23:14:23,-07:00,2025-10-21T23:14:23-07:00,0,0
global.js,117,js,4ac34199,Miny-oung-K,2025-10-21,23:14:23,-07:00,2025-10-21T23:14:23-07:00,1,31
global.js,118,js,cb0c2efb,Miny-oung-K,2025-10-26,22:27:51,-07:00,2025-10-26T22:27:51-07:00,2,27
global.js,119,js,6643f78d,Miny-oung-K,2025-10-22,15:38:45,-07:00,2025-10-22T15:38:45-07:00,2,56
global.js,120,js,6643f78d,Miny-oung-K,2025-10-22,15:38:45,-07:00,2025-10-22T15:38:45-07:00,2,34
global.js,121,js,6643f78d,Miny-oung-K,2025-10-22,15:38:45,-07:00,2025-10-22T15:38:45-07:00,3,3
global.js,122,js,6643f78d,Miny-oung-K,2025-10-22,15:38:45,-07:00,2025-10-22T15:38:45-07:00,4,43
global.js,123,js,6643f78d,Miny-oung-K,2025-10-22,15:38:45,-07:00,2025-10-22T15:38:45-07:00,3,7
global.js,124,js,cb0c2efb,Miny-oung-K,2025-10-26,22:27:51,-07:00,2025-10-26T22:27:51-07:00,4,15
global.js,125,js,6643f78d,Miny-oung-K,2025-10-22,15:38:45,-07:00,2025-10-22T15:38:45-07:00,3,0
global.js,126,js,6643f78d,Miny-oung-K,2025-10-22,15:38:45,-07:00,2025-10-22T15:38:45-07:00,2,0
global.js,127,js,6643f78d,Miny-oung-K,2025-10-22,15:38:45,-07:00,2025-10-22T15:38:45-07:00,0,0
global.js,128,js,cb0c2efb,Miny-oung-K,2025-10-26,22:27:51,-07:00,2025-10-26T22:27:51-07:00,2,14
global.js,129,js,4ac34199,Miny-oung-K,2025-10-21,23:14:23,-07:00,2025-10-21T23:14:23-07:00,2,48
global.js,130,js,cb0c2efb,Miny-oung-K,2025-10-26,22:27:51,-07:00,2025-10-26T22:27:51-07:00,2,84
global.js,131,js,cb0c2efb,Miny-oung-K,2025-10-26,22:27:51,-07:00,2025-10-26T22:27:51-07:00,0,0
global.js,132,js,4ac34199,Miny-oung-K,2025-10-21,23:14:23,-07:00,2025-10-21T23:14:23-07:00,2,19
global.js,133,js,4ac34199,Miny-oung-K,2025-10-21,23:14:23,-07:00,2025-10-21T23:14:23-07:00,3,71
global.js,134,js,6643f78d,Miny-oung-K,2025-10-22,15:38:45,-07:00,2025-10-22T15:38:45-07:00,3,61
global.js,135,js,cb0c2efb,Miny-oung-K,2025-10-26,22:27:51,-07:00,2025-10-26T22:27:51-07:00,3,24
global.js,136,js,cb0c2efb,Miny-oung-K,2025-10-26,22:27:51,-07:00,2025-10-26T22:27:51-07:00,4,58
global.js,137,js,cb0c2efb,Miny-oung-K,2025-10-26,22:27:51,-07:00,2025-10-26T22:27:51-07:00,4,9
global.js,138,js,cb0c2efb,Miny-oung-K,2025-10-26,22:27:51,-07:00,2025-10-26T22:27:51-07:00,3,4
global.js,139,js,4ac34199,Miny-oung-K,2025-10-21,23:14:23,-07:00,2025-10-21T23:14:23-07:00,2,0
global.js,140,js,cb0c2efb,Miny-oung-K,2025-10-26,22:27:51,-07:00,2025-10-26T22:27:51-07:00,0,0
global.js,141,js,4ac34199,Miny-oung-K,2025-10-21,23:14:23,-07:00,2025-10-21T23:14:23-07:00,2,36
global.js,142,js,4ac34199,Miny-oung-K,2025-10-21,23:14:23,-07:00,2025-10-21T23:14:23-07:00,1,0
global.js,143,js,4ac34199,Miny-oung-K,2025-10-21,23:14:23,-07:00,2025-10-21T23:14:23-07:00,0,0
global.js,144,js,d084bb6b,Miny-oung-K,2025-10-22,16:08:48,-07:00,2025-10-22T16:08:48-07:00,0,0
global.js,145,js,d084bb6b,Miny-oung-K,2025-10-22,16:08:48,-07:00,2025-10-22T16:08:48-07:00,0,47
global.js,146,js,d084bb6b,Miny-oung-K,2025-10-22,16:08:48,-07:00,2025-10-22T16:08:48-07:00,1,25
global.js,147,js,d084bb6b,Miny-oung-K,2025-10-22,16:08:48,-07:00,2025-10-22T16:08:48-07:00,1,79
global.js,148,js,d084bb6b,Miny-oung-K,2025-10-22,16:08:48,-07:00,2025-10-22T16:08:48-07:00,0,0
resume/index.html,1,html,712dc325,Miny-oung-K,2025-10-02,13:35:47,-07:00,2025-10-02T13:35:47-07:00,0,13
resume/index.html,2,html,712dc325,Miny-oung-K,2025-10-02,13:35:47,-07:00,2025-10-02T13:35:47-07:00,0,14
resume/index.html,3,html,712dc325,Miny-oung-K,2025-10-02,13:35:47,-07:00,2025-10-02T13:35:47-07:00,0,4
resume/index.html,4,html,712dc325,Miny-oung-K,2025-10-02,13:35:47,-07:00,2025-10-02T13:35:47-07:00,1,22
resume/index.html,5,html,712dc325,Miny-oung-K,2025-10-02,13:35:47,-07:00,2025-10-02T13:35:47-07:00,1,69
resume/index.html,6,html,712dc325,Miny-oung-K,2025-10-02,13:35:47,-07:00,2025-10-02T13:35:47-07:00,1,19
resume/index.html,7,html,712dc325,Miny-oung-K,2025-10-02,13:35:47,-07:00,2025-10-02T13:35:47-07:00,1,43
resume/index.html,8,html,712dc325,Miny-oung-K,2025-10-02,13:35:47,-07:00,2025-10-02T13:35:47-07:00,0,5
resume/index.html,9,html,712dc325,Miny-oung-K,2025-10-02,13:35:47,-07:00,2025-10-02T13:35:47-07:00,0,4
resume/index.html,10,html,c8d13e74,Miny-oung-K,2025-10-17,16:18:39,-07:00,2025-10-17T16:18:39-07:00,1,58
resume/index.html,11,html,0806fd6e,Miny-oung-K,2025-10-17,15:48:24,-07:00,2025-10-17T15:48:24-07:00,1,48
resume/index.html,12,html,712dc325,Miny-oung-K,2025-10-02,13:35:47,-07:00,2025-10-02T13:35:47-07:00,0,0
resume/index.html,13,html,712dc325,Miny-oung-K,2025-10-02,13:35:47,-07:00,2025-10-02T13:35:47-07:00,1,6
resume/index.html,14,html,7455986e,Miny-oung-K,2025-10-02,13:49:26,-07:00,2025-10-02T13:49:26-07:00,2,16
resume/index.html,15,html,7455986e,Miny-oung-K,2025-10-02,13:49:26,-07:00,2025-10-02T13:49:26-07:00,2,43
resume/index.html,16,html,712dc325,Miny-oung-K,2025-10-02,13:35:47,-07:00,2025-10-02T13:35:47-07:00,1,7
resume/index.html,17,html,712dc325,Miny-oung-K,2025-10-02,13:35:47,-07:00,2025-10-02T13:35:47-07:00,0,0
resume/index.html,18,html,712dc325,Miny-oung-K,2025-10-02,13:35:47,-07:00,2025-10-02T13:35:47-07:00,1,4
resume/index.html,19,html,712dc325,Miny-oung-K,2025-10-02,13:35:47,-07:00,2025-10-02T13:35:47-07:00,2,41
resume/index.html,20,html,712dc325,Miny-oung-K,2025-10-02,13:35:47,-07:00,2025-10-02T13:35:47-07:00,6,20
resume/index.html,21,html,712dc325,Miny-oung-K,2025-10-02,13:35:47,-07:00,2025-10-02T13:35:47-07:00,6,10
resume/index.html,22,html,712dc325,Miny-oung-K,2025-10-02,13:35:47,-07:00,2025-10-02T13:35:47-07:00,6,11
resume/index.html,23,html,712dc325,Miny-oung-K,2025-10-02,13:35:47,-07:00,2025-10-02T13:35:47-07:00,3,1
resume/index.html,24,html,712dc325,Miny-oung-K,2025-10-02,13:35:47,-07:00,2025-10-02T13:35:47-07:00,4,61
resume/index.html,25,html,712dc325,Miny-oung-K,2025-10-02,13:35:47,-07:00,2025-10-02T13:35:47-07:00,3,2
resume/index.html,26,html,712dc325,Miny-oung-K,2025-10-02,13:35:47,-07:00,2025-10-02T13:35:47-07:00,2,7
resume/index.html,27,html,712dc325,Miny-oung-K,2025-10-02,13:35:47,-07:00,2025-10-02T13:35:47-07:00,1,5
resume/index.html,28,html,712dc325,Miny-oung-K,2025-10-02,13:35:47,-07:00,2025-10-02T13:35:47-07:00,0,5
resume/index.html,29,html,712dc325,Miny-oung-K,2025-10-02,13:35:47,-07:00,2025-10-02T13:35:47-07:00,0,5
projects/projects.js,1,js,153030e7,Miny-oung-K,2025-10-27,14:43:35,-07:00,2025-10-27T14:43:35-07:00,0,63
projects/projects.js,2,js,4ac34199,Miny-oung-K,2025-10-21,23:14:23,-07:00,2025-10-21T23:14:23-07:00,0,55
projects/projects.js,3,js,4ac34199,Miny-oung-K,2025-10-21,23:14:23,-07:00,2025-10-21T23:14:23-07:00,0,0
projects/projects.js,4,js,15fa5a57,Miny-oung-K,2025-10-28,14:23:35,-07:00,2025-10-28T14:23:35-07:00,0,19
projects/projects.js,5,js,15fa5a57,Miny-oung-K,2025-10-28,14:23:35,-07:00,2025-10-28T14:23:35-07:00,0,13
projects/projects.js,6,js,15fa5a57,Miny-oung-K,2025-10-28,14:23:35,-07:00,2025-10-28T14:23:35-07:00,0,22
projects/projects.js,7,js,15fa5a57,Miny-oung-K,2025-10-28,14:23:35,-07:00,2025-10-28T14:23:35-07:00,0,0
projects/projects.js,8,js,15fa5a57,Miny-oung-K,2025-10-28,14:23:35,-07:00,2025-10-28T14:23:35-07:00,0,11
projects/projects.js,9,js,15fa5a57,Miny-oung-K,2025-10-28,14:23:35,-07:00,2025-10-28T14:23:35-07:00,1,55
projects/projects.js,10,js,15fa5a57,Miny-oung-K,2025-10-28,14:23:35,-07:00,2025-10-28T14:23:35-07:00,1,61
projects/projects.js,11,js,15fa5a57,Miny-oung-K,2025-10-28,14:23:35,-07:00,2025-10-28T14:23:35-07:00,1,51
projects/projects.js,12,js,7892ac07,Miny-oung-K,2025-10-31,19:46:25,-07:00,2025-10-31T19:46:25-07:00,1,80
projects/projects.js,13,js,15fa5a57,Miny-oung-K,2025-10-28,14:23:35,-07:00,2025-10-28T14:23:35-07:00,1,56
projects/projects.js,14,js,15fa5a57,Miny-oung-K,2025-10-28,14:23:35,-07:00,2025-10-28T14:23:35-07:00,0,0
projects/projects.js,15,js,15fa5a57,Miny-oung-K,2025-10-28,14:23:35,-07:00,2025-10-28T14:23:35-07:00,0,0
projects/projects.js,16,js,15fa5a57,Miny-oung-K,2025-10-28,14:23:35,-07:00,2025-10-28T14:23:35-07:00,0,22
projects/projects.js,17,js,15fa5a57,Miny-oung-K,2025-10-28,14:23:35,-07:00,2025-10-28T14:23:35-07:00,1,21
projects/projects.js,18,js,15fa5a57,Miny-oung-K,2025-10-28,14:23:35,-07:00,2025-10-28T14:23:35-07:00,0,0
projects/projects.js,19,js,15fa5a57,Miny-oung-K,2025-10-28,14:23:35,-07:00,2025-10-28T14:23:35-07:00,1,17
projects/projects.js,20,js,15fa5a57,Miny-oung-K,2025-10-28,14:23:35,-07:00,2025-10-28T14:23:35-07:00,2,28
projects/projects.js,21,js,15fa5a57,Miny-oung-K,2025-10-28,14:23:35,-07:00,2025-10-28T14:23:35-07:00,2,21
projects/projects.js,22,js,15fa5a57,Miny-oung-K,2025-10-28,14:23:35,-07:00,2025-10-28T14:23:35-07:00,3,51
projects/projects.js,23,js,15fa5a57,Miny-oung-K,2025-10-28,14:23:35,-07:00,2025-10-28T14:23:35-07:00,2,0
projects/projects.js,24,js,15fa5a57,Miny-oung-K,2025-10-28,14:23:35,-07:00,2025-10-28T14:23:35-07:00,1,0
projects/projects.js,25,js,15fa5a57,Miny-oung-K,2025-10-28,14:23:35,-07:00,2025-10-28T14:23:35-07:00,0,0
projects/projects.js,26,js,15fa5a57,Miny-oung-K,2025-10-28,14:23:35,-07:00,2025-10-28T14:23:35-07:00,1,17
projects/projects.js,27,js,15fa5a57,Miny-oung-K,2025-10-28,14:23:35,-07:00,2025-10-28T14:23:35-07:00,2,63
projects/projects.js,28,js,15fa5a57,Miny-oung-K,2025-10-28,14:23:35,-07:00,2025-10-28T14:23:35-07:00,1,0
projects/projects.js,29,js,15fa5a57,Miny-oung-K,2025-10-28,14:23:35,-07:00,2025-10-28T14:23:35-07:00,0,0
projects/projects.js,30,js,15fa5a57,Miny-oung-K,2025-10-28,14:23:35,-07:00,2025-10-28T14:23:35-07:00,1,10
projects/projects.js,31,js,8287f98b,Miny-oung-K,2025-10-27,15:37:52,-07:00,2025-10-27T15:37:52-07:00,0,0
projects/projects.js,32,js,a8fc46c3,Miny-oung-K,2025-10-26,23:18:39,-07:00,2025-10-26T23:18:39-07:00,0,0
projects/projects.js,33,js,15fa5a57,Miny-oung-K,2025-10-28,14:23:35,-07:00,2025-10-28T14:23:35-07:00,0,21
projects/projects.js,34,js,15fa5a57,Miny-oung-K,2025-10-28,14:23:35,-07:00,2025-10-28T14:23:35-07:00,1,25
projects/projects.js,35,js,15fa5a57,Miny-oung-K,2025-10-28,14:23:35,-07:00,2025-10-28T14:23:35-07:00,1,36
projects/projects.js,36,js,15fa5a57,Miny-oung-K,2025-10-28,14:23:35,-07:00,2025-10-28T14:23:35-07:00,1,21
projects/projects.js,37,js,15fa5a57,Miny-oung-K,2025-10-28,14:23:35,-07:00,2025-10-28T14:23:35-07:00,0,0
projects/projects.js,38,js,15fa5a57,Miny-oung-K,2025-10-28,14:23:35,-07:00,2025-10-28T14:23:35-07:00,1,54
projects/projects.js,39,js,15fa5a57,Miny-oung-K,2025-10-28,14:23:35,-07:00,2025-10-28T14:23:35-07:00,0,0
projects/projects.js,40,js,15fa5a57,Miny-oung-K,2025-10-28,14:23:35,-07:00,2025-10-28T14:23:35-07:00,1,26
projects/projects.js,41,js,15fa5a57,Miny-oung-K,2025-10-28,14:23:35,-07:00,2025-10-28T14:23:35-07:00,1,59
projects/projects.js,42,js,a8fc46c3,Miny-oung-K,2025-10-26,23:18:39,-07:00,2025-10-26T23:18:39-07:00,0,0
projects/projects.js,43,js,a8fc46c3,Miny-oung-K,2025-10-26,23:18:39,-07:00,2025-10-26T23:18:39-07:00,0,0
projects/projects.js,44,js,15fa5a57,Miny-oung-K,2025-10-28,14:23:35,-07:00,2025-10-28T14:23:35-07:00,0,20
projects/projects.js,45,js,15fa5a57,Miny-oung-K,2025-10-28,14:23:35,-07:00,2025-10-28T14:23:35-07:00,1,20
projects/projects.js,46,js,15fa5a57,Miny-oung-K,2025-10-28,14:23:35,-07:00,2025-10-28T14:23:35-07:00,1,26
projects/projects.js,47,js,15fa5a57,Miny-oung-K,2025-10-28,14:23:35,-07:00,2025-10-28T14:23:35-07:00,1,22
projects/projects.js,48,js,cffd67b4,Miny-oung-K,2025-10-27,15:21:15,-07:00,2025-10-27T15:21:15-07:00,0,0
projects/projects.js,49,js,7892ac07,Miny-oung-K,2025-10-31,19:46:25,-07:00,2025-10-31T19:46:25-07:00,1,23
projects/projects.js,50,js,15fa5a57,Miny-oung-K,2025-10-28,14:23:35,-07:00,2025-10-28T14:23:35-07:00,1,26
projects/projects.js,51,js,15fa5a57,Miny-oung-K,2025-10-28,14:23:35,-07:00,2025-10-28T14:23:35-07:00,1,29
projects/projects.js,52,js,06a575c5,Miny-oung-K,2025-10-27,16:25:00,-07:00,2025-10-27T16:25:00-07:00,0,0
projects/projects.js,53,js,15fa5a57,Miny-oung-K,2025-10-28,14:23:35,-07:00,2025-10-28T14:23:35-07:00,1,28
projects/projects.js,54,js,15fa5a57,Miny-oung-K,2025-10-28,14:23:35,-07:00,2025-10-28T14:23:35-07:00,1,26
projects/projects.js,55,js,a8fc46c3,Miny-oung-K,2025-10-26,23:18:39,-07:00,2025-10-26T23:18:39-07:00,0,0
projects/projects.js,56,js,15fa5a57,Miny-oung-K,2025-10-28,14:23:35,-07:00,2025-10-28T14:23:35-07:00,1,15
projects/projects.js,57,js,15fa5a57,Miny-oung-K,2025-10-28,14:23:35,-07:00,2025-10-28T14:23:35-07:00,2,51
projects/projects.js,58,js,7892ac07,Miny-oung-K,2025-10-31,19:46:25,-07:00,2025-10-31T19:46:25-07:00,2,42
projects/projects.js,59,js,7892ac07,Miny-oung-K,2025-10-31,19:46:25,-07:00,2025-10-31T19:46:25-07:00,0,0
projects/projects.js,60,js,15fa5a57,Miny-oung-K,2025-10-28,14:23:35,-07:00,2025-10-28T14:23:35-07:00,1,77
projects/projects.js,61,js,06a575c5,Miny-oung-K,2025-10-27,16:25:00,-07:00,2025-10-27T16:25:00-07:00,0,0
projects/projects.js,62,js,7892ac07,Miny-oung-K,2025-10-31,19:46:25,-07:00,2025-10-31T19:46:25-07:00,1,66
projects/projects.js,63,js,7892ac07,Miny-oung-K,2025-10-31,19:46:25,-07:00,2025-10-31T19:46:25-07:00,1,31
projects/projects.js,64,js,7892ac07,Miny-oung-K,2025-10-31,19:46:25,-07:00,2025-10-31T19:46:25-07:00,1,31
projects/projects.js,65,js,7892ac07,Miny-oung-K,2025-10-31,19:46:25,-07:00,2025-10-31T19:46:25-07:00,1,31
projects/projects.js,66,js,7892ac07,Miny-oung-K,2025-10-31,19:46:25,-07:00,2025-10-31T19:46:25-07:00,2,25
projects/projects.js,67,js,7892ac07,Miny-oung-K,2025-10-31,19:46:25,-07:00,2025-10-31T19:46:25-07:00,2,53
projects/projects.js,68,js,7892ac07,Miny-oung-K,2025-10-31,19:46:25,-07:00,2025-10-31T19:46:25-07:00,0,0
projects/projects.js,69,js,7892ac07,Miny-oung-K,2025-10-31,19:46:25,-07:00,2025-10-31T19:46:25-07:00,1,50
projects/projects.js,70,js,7892ac07,Miny-oung-K,2025-10-31,19:46:25,-07:00,2025-10-31T19:46:25-07:00,1,35
projects/projects.js,71,js,7892ac07,Miny-oung-K,2025-10-31,19:46:25,-07:00,2025-10-31T19:46:25-07:00,1,50
projects/projects.js,72,js,7892ac07,Miny-oung-K,2025-10-31,19:46:25,-07:00,2025-10-31T19:46:25-07:00,1,56
projects/projects.js,73,js,a8fc46c3,Miny-oung-K,2025-10-26,23:18:39,-07:00,2025-10-26T23:18:39-07:00,0,0
projects/projects.js,74,js,a8fc46c3,Miny-oung-K,2025-10-26,23:18:39,-07:00,2025-10-26T23:18:39-07:00,1,1
projects/projects.js,75,js,153030e7,Miny-oung-K,2025-10-27,14:43:35,-07:00,2025-10-27T14:43:35-07:00,2,16
projects/projects.js,76,js,7892ac07,Miny-oung-K,2025-10-31,19:46:25,-07:00,2025-10-31T19:46:25-07:00,2,28
projects/projects.js,77,js,a8fc46c3,Miny-oung-K,2025-10-26,23:18:39,-07:00,2025-10-26T23:18:39-07:00,2,11
projects/projects.js,78,js,15fa5a57,Miny-oung-K,2025-10-28,14:23:35,-07:00,2025-10-28T14:23:35-07:00,2,13
projects/projects.js,79,js,7892ac07,Miny-oung-K,2025-10-31,19:46:25,-07:00,2025-10-31T19:46:25-07:00,2,37
projects/projects.js,80,js,15fa5a57,Miny-oung-K,2025-10-28,14:23:35,-07:00,2025-10-28T14:23:35-07:00,2,22
projects/projects.js,81,js,15fa5a57,Miny-oung-K,2025-10-28,14:23:35,-07:00,2025-10-28T14:23:35-07:00,2,24
projects/projects.js,82,js,15fa5a57,Miny-oung-K,2025-10-28,14:23:35,-07:00,2025-10-28T14:23:35-07:00,2,25
projects/projects.js,83,js,7892ac07,Miny-oung-K,2025-10-31,19:46:25,-07:00,2025-10-31T19:46:25-07:00,2,17
projects/projects.js,84,js,7892ac07,Miny-oung-K,2025-10-31,19:46:25,-07:00,2025-10-31T19:46:25-07:00,3,71
projects/projects.js,85,js,15fa5a57,Miny-oung-K,2025-10-28,14:23:35,-07:00,2025-10-28T14:23:35-07:00,2,0
projects/projects.js,86,js,15fa5a57,Miny-oung-K,2025-10-28,14:23:35,-07:00,2025-10-28T14:23:35-07:00,2,25
projects/projects.js,87,js,15fa5a57,Miny-oung-K,2025-10-28,14:23:35,-07:00,2025-10-28T14:23:35-07:00,3,24
projects/projects.js,88,js,52628f6a,Miny-oung-K,2025-10-28,14:31:07,-07:00,2025-10-28T14:31:07-07:00,3,49
projects/projects.js,89,js,15fa5a57,Miny-oung-K,2025-10-28,14:23:35,-07:00,2025-10-28T14:23:35-07:00,3,10
projects/projects.js,90,js,06a575c5,Miny-oung-K,2025-10-27,16:25:00,-07:00,2025-10-27T16:25:00-07:00,2,1
projects/projects.js,91,js,06a575c5,Miny-oung-K,2025-10-27,16:25:00,-07:00,2025-10-27T16:25:00-07:00,0,0
projects/projects.js,92,js,7892ac07,Miny-oung-K,2025-10-31,19:46:25,-07:00,2025-10-31T19:46:25-07:00,0,0
projects/projects.js,93,js,06a575c5,Miny-oung-K,2025-10-27,16:25:00,-07:00,2025-10-27T16:25:00-07:00,1,4
projects/projects.js,94,js,06a575c5,Miny-oung-K,2025-10-27,16:25:00,-07:00,2025-10-27T16:25:00-07:00,2,14
projects/projects.js,95,js,7892ac07,Miny-oung-K,2025-10-31,19:46:25,-07:00,2025-10-31T19:46:25-07:00,2,26
projects/projects.js,96,js,06a575c5,Miny-oung-K,2025-10-27,16:25:00,-07:00,2025-10-27T16:25:00-07:00,2,9
projects/projects.js,97,js,7892ac07,Miny-oung-K,2025-10-31,19:46:25,-07:00,2025-10-31T19:46:25-07:00,2,46
projects/projects.js,98,js,15fa5a57,Miny-oung-K,2025-10-28,14:23:35,-07:00,2025-10-28T14:23:35-07:00,2,17
projects/projects.js,99,js,15fa5a57,Miny-oung-K,2025-10-28,14:23:35,-07:00,2025-10-28T14:23:35-07:00,3,66
projects/projects.js,100,js,15fa5a57,Miny-oung-K,2025-10-28,14:23:35,-07:00,2025-10-28T14:23:35-07:00,2,0
projects/projects.js,101,js,15fa5a57,Miny-oung-K,2025-10-28,14:23:35,-07:00,2025-10-28T14:23:35-07:00,2,25
projects/projects.js,102,js,15fa5a57,Miny-oung-K,2025-10-28,14:23:35,-07:00,2025-10-28T14:23:35-07:00,2,73
projects/projects.js,103,js,15fa5a57,Miny-oung-K,2025-10-28,14:23:35,-07:00,2025-10-28T14:23:35-07:00,2,25
projects/projects.js,104,js,15fa5a57,Miny-oung-K,2025-10-28,14:23:35,-07:00,2025-10-28T14:23:35-07:00,3,19
projects/projects.js,105,js,52628f6a,Miny-oung-K,2025-10-28,14:31:07,-07:00,2025-10-28T14:31:07-07:00,3,49
projects/projects.js,106,js,15fa5a57,Miny-oung-K,2025-10-28,14:23:35,-07:00,2025-10-28T14:23:35-07:00,3,10
projects/projects.js,107,js,06a575c5,Miny-oung-K,2025-10-27,16:25:00,-07:00,2025-10-27T16:25:00-07:00,2,1
projects/projects.js,108,js,06a575c5,Miny-oung-K,2025-10-27,16:25:00,-07:00,2025-10-27T16:25:00-07:00,0,0
projects/projects.js,109,js,8287f98b,Miny-oung-K,2025-10-27,15:37:52,-07:00,2025-10-27T15:37:52-07:00,0,0
projects/projects.js,110,js,15fa5a57,Miny-oung-K,2025-10-28,14:23:35,-07:00,2025-10-28T14:23:35-07:00,0,20
projects/projects.js,111,js,15fa5a57,Miny-oung-K,2025-10-28,14:23:35,-07:00,2025-10-28T14:23:35-07:00,1,11
projects/projects.js,112,js,15fa5a57,Miny-oung-K,2025-10-28,14:23:35,-07:00,2025-10-28T14:23:35-07:00,1,10
projects/projects.js,113,js,4ac34199,Miny-oung-K,2025-10-21,23:14:23,-07:00,2025-10-21T23:14:23-07:00,0,0
projects/projects.js,114,js,4ac34199,Miny-oung-K,2025-10-21,23:14:23,-07:00,2025-10-21T23:14:23-07:00,0,0
projects/projects.js,115,js,15fa5a57,Miny-oung-K,2025-10-28,14:23:35,-07:00,2025-10-28T14:23:35-07:00,0,21
projects/projects.js,116,js,15fa5a57,Miny-oung-K,2025-10-28,14:23:35,-07:00,2025-10-28T14:23:35-07:00,1,63
projects/projects.js,117,js,15fa5a57,Miny-oung-K,2025-10-28,14:23:35,-07:00,2025-10-28T14:23:35-07:00,1,37
projects/projects.js,118,js,15fa5a57,Miny-oung-K,2025-10-28,14:23:35,-07:00,2025-10-28T14:23:35-07:00,1,48
projects/projects.js,119,js,06a575c5,Miny-oung-K,2025-10-27,16:25:00,-07:00,2025-10-27T16:25:00-07:00,0,0
projects/projects.js,120,js,15fa5a57,Miny-oung-K,2025-10-28,14:23:35,-07:00,2025-10-28T14:23:35-07:00,1,25
projects/projects.js,121,js,15fa5a57,Miny-oung-K,2025-10-28,14:23:35,-07:00,2025-10-28T14:23:35-07:00,1,10
projects/projects.js,122,js,15fa5a57,Miny-oung-K,2025-10-28,14:23:35,-07:00,2025-10-28T14:23:35-07:00,2,36
projects/projects.js,123,js,15fa5a57,Miny-oung-K,2025-10-28,14:23:35,-07:00,2025-10-28T14:23:35-07:00,3,27
projects/projects.js,124,js,15fa5a57,Miny-oung-K,2025-10-28,14:23:35,-07:00,2025-10-28T14:23:35-07:00,3,10
projects/projects.js,125,js,15fa5a57,Miny-oung-K,2025-10-28,14:23:35,-07:00,2025-10-28T14:23:35-07:00,2,1
projects/projects.js,126,js,15fa5a57,Miny-oung-K,2025-10-28,14:23:35,-07:00,2025-10-28T14:23:35-07:00,1,0
projects/projects.js,127,js,06a575c5,Miny-oung-K,2025-10-27,16:25:00,-07:00,2025-10-27T16:25:00-07:00,0,0
projects/projects.js,128,js,15fa5a57,Miny-oung-K,2025-10-28,14:23:35,-07:00,2025-10-28T14:23:35-07:00,1,10
projects/projects.js,129,js,06a575c5,Miny-oung-K,2025-10-27,16:25:00,-07:00,2025-10-27T16:25:00-07:00,0,0
projects/projects.js,130,js,06a575c5,Miny-oung-K,2025-10-27,16:25:00,-07:00,2025-10-27T16:25:00-07:00,0,0
projects/projects.js,131,js,15fa5a57,Miny-oung-K,2025-10-28,14:23:35,-07:00,2025-10-28T14:23:35-07:00,0,31
projects/projects.js,132,js,15fa5a57,Miny-oung-K,2025-10-28,14:23:35,-07:00,2025-10-28T14:23:35-07:00,1,51
projects/projects.js,133,js,7892ac07,Miny-oung-K,2025-10-31,19:46:25,-07:00,2025-10-31T19:46:25-07:00,1,7
projects/index.html,1,html,2f6b9632,Miny-oung-K,2025-09-28,16:51:51,-07:00,2025-09-28T16:51:51-07:00,0,13
projects/index.html,2,html,2f6b9632,Miny-oung-K,2025-09-28,16:51:51,-07:00,2025-09-28T16:51:51-07:00,0,14
projects/index.html,3,html,2f6b9632,Miny-oung-K,2025-09-28,16:51:51,-07:00,2025-09-28T16:51:51-07:00,0,4
projects/index.html,4,html,59ace23a,Miny-oung-K,2025-10-21,23:43:50,-07:00,2025-10-21T23:43:50-07:00,1,22
projects/index.html,5,html,59ace23a,Miny-oung-K,2025-10-21,23:43:50,-07:00,2025-10-21T23:43:50-07:00,1,70
projects/index.html,6,html,2f6b9632,Miny-oung-K,2025-09-28,16:51:51,-07:00,2025-09-28T16:51:51-07:00,1,21
projects/index.html,7,html,59ace23a,Miny-oung-K,2025-10-21,23:43:50,-07:00,2025-10-21T23:43:50-07:00,1,43
projects/index.html,8,html,2f6b9632,Miny-oung-K,2025-09-28,16:51:51,-07:00,2025-09-28T16:51:51-07:00,0,5
projects/index.html,9,html,2f6b9632,Miny-oung-K,2025-09-28,16:51:51,-07:00,2025-09-28T16:51:51-07:00,0,4
projects/index.html,10,html,4ac34199,Miny-oung-K,2025-10-21,23:14:23,-07:00,2025-10-21T23:14:23-07:00,1,38
projects/index.html,11,html,c8d13e74,Miny-oung-K,2025-10-17,16:18:39,-07:00,2025-10-17T16:18:39-07:00,0,0
projects/index.html,12,html,06a575c5,Miny-oung-K,2025-10-27,16:25:00,-07:00,2025-10-27T16:25:00-07:00,1,87
projects/index.html,13,html,db7bb055,Miny-oung-K,2025-10-27,14:52:45,-07:00,2025-10-27T14:52:45-07:00,1,25
projects/index.html,14,html,db7bb055,Miny-oung-K,2025-10-27,14:52:45,-07:00,2025-10-27T14:52:45-07:00,2,90
projects/index.html,15,html,06a575c5,Miny-oung-K,2025-10-27,16:25:00,-07:00,2025-10-27T16:25:00-07:00,2,64
projects/index.html,16,html,db7bb055,Miny-oung-K,2025-10-27,14:52:45,-07:00,2025-10-27T14:52:45-07:00,1,4
projects/index.html,17,html,a8fc46c3,Miny-oung-K,2025-10-26,23:18:39,-07:00,2025-10-26T23:18:39-07:00,0,0
projects/index.html,18,html,06a575c5,Miny-oung-K,2025-10-27,16:25:00,-07:00,2025-10-27T16:25:00-07:00,1,50
projects/index.html,19,html,8287f98b,Miny-oung-K,2025-10-27,15:37:52,-07:00,2025-10-27T15:37:52-07:00,1,4
projects/index.html,20,html,06a575c5,Miny-oung-K,2025-10-27,16:25:00,-07:00,2025-10-27T16:25:00-07:00,2,15
projects/index.html,21,html,06a575c5,Miny-oung-K,2025-10-27,16:25:00,-07:00,2025-10-27T16:25:00-07:00,2,11
projects/index.html,22,html,06a575c5,Miny-oung-K,2025-10-27,16:25:00,-07:00,2025-10-27T16:25:00-07:00,2,26
projects/index.html,23,html,06a575c5,Miny-oung-K,2025-10-27,16:25:00,-07:00,2025-10-27T16:25:00-07:00,2,31
projects/index.html,24,html,8287f98b,Miny-oung-K,2025-10-27,15:37:52,-07:00,2025-10-27T15:37:52-07:00,1,0
projects/index.html,25,html,8287f98b,Miny-oung-K,2025-10-27,15:37:52,-07:00,2025-10-27T15:37:52-07:00,0,0
projects/index.html,26,html,7275442e,Miny-oung-K,2025-10-27,15:08:58,-07:00,2025-10-27T15:08:58-07:00,1,26
projects/index.html,27,html,7275442e,Miny-oung-K,2025-10-27,15:08:58,-07:00,2025-10-27T15:08:58-07:00,0,0
projects/index.html,28,html,59ace23a,Miny-oung-K,2025-10-21,23:43:50,-07:00,2025-10-21T23:43:50-07:00,1,47
projects/index.html,29,html,2f6b9632,Miny-oung-K,2025-09-28,16:51:51,-07:00,2025-09-28T16:51:51-07:00,0,5
projects/index.html,30,html,c8d13e74,Miny-oung-K,2025-10-17,16:18:39,-07:00,2025-10-17T16:18:39-07:00,0,5
contact/index.html,1,html,2f6b9632,Miny-oung-K,2025-09-28,16:51:51,-07:00,2025-09-28T16:51:51-07:00,0,13
contact/index.html,2,html,2f6b9632,Miny-oung-K,2025-09-28,16:51:51,-07:00,2025-09-28T16:51:51-07:00,0,14
contact/index.html,3,html,2f6b9632,Miny-oung-K,2025-09-28,16:51:51,-07:00,2025-09-28T16:51:51-07:00,0,4
contact/index.html,4,html,2f6b9632,Miny-oung-K,2025-09-28,16:51:51,-07:00,2025-09-28T16:51:51-07:00,1,20
contact/index.html,5,html,2f6b9632,Miny-oung-K,2025-09-28,16:51:51,-07:00,2025-09-28T16:51:51-07:00,1,68
contact/index.html,6,html,2f6b9632,Miny-oung-K,2025-09-28,16:51:51,-07:00,2025-09-28T16:51:51-07:00,1,20
contact/index.html,7,html,2f6b9632,Miny-oung-K,2025-09-28,16:51:51,-07:00,2025-09-28T16:51:51-07:00,1,41
contact/index.html,8,html,2f6b9632,Miny-oung-K,2025-09-28,16:51:51,-07:00,2025-09-28T16:51:51-07:00,0,5
contact/index.html,9,html,2f6b9632,Miny-oung-K,2025-09-28,16:51:51,-07:00,2025-09-28T16:51:51-07:00,0,4
contact/index.html,10,html,0806fd6e,Miny-oung-K,2025-10-17,15:48:24,-07:00,2025-10-17T15:48:24-07:00,1,48
contact/index.html,11,html,1b264c94,Miny-oung-K,2025-10-02,14:37:25,-07:00,2025-10-02T14:37:25-07:00,0,0
contact/index.html,12,html,2f6b9632,Miny-oung-K,2025-09-28,16:51:51,-07:00,2025-09-28T16:51:51-07:00,1,14
contact/index.html,13,html,1b264c94,Miny-oung-K,2025-10-02,14:37:25,-07:00,2025-10-02T14:37:25-07:00,0,0
contact/index.html,14,html,a5f40a7c,Miny-oung-K,2025-10-02,14:44:49,-07:00,2025-10-02T14:44:49-07:00,1,59
contact/index.html,15,html,c8d13e74,Miny-oung-K,2025-10-17,16:18:39,-07:00,2025-10-17T16:18:39-07:00,2,5
contact/index.html,16,html,c8d13e74,Miny-oung-K,2025-10-17,16:18:39,-07:00,2025-10-17T16:18:39-07:00,3,9
contact/index.html,17,html,c8d13e74,Miny-oung-K,2025-10-17,16:18:39,-07:00,2025-10-17T16:18:39-07:00,3,40
contact/index.html,18,html,c8d13e74,Miny-oung-K,2025-10-17,16:18:39,-07:00,2025-10-17T16:18:39-07:00,2,6
contact/index.html,19,html,a5f40a7c,Miny-oung-K,2025-10-02,14:44:49,-07:00,2025-10-02T14:44:49-07:00,0,0
contact/index.html,20,html,c8d13e74,Miny-oung-K,2025-10-17,16:18:39,-07:00,2025-10-17T16:18:39-07:00,2,5
contact/index.html,21,html,c8d13e74,Miny-oung-K,2025-10-17,16:18:39,-07:00,2025-10-17T16:18:39-07:00,3,6
contact/index.html,22,html,c8d13e74,Miny-oung-K,2025-10-17,16:18:39,-07:00,2025-10-17T16:18:39-07:00,3,41
contact/index.html,23,html,c8d13e74,Miny-oung-K,2025-10-17,16:18:39,-07:00,2025-10-17T16:18:39-07:00,2,6
contact/index.html,24,html,a5f40a7c,Miny-oung-K,2025-10-02,14:44:49,-07:00,2025-10-02T14:44:49-07:00,0,0
contact/index.html,25,html,c8d13e74,Miny-oung-K,2025-10-17,16:18:39,-07:00,2025-10-17T16:18:39-07:00,2,5
contact/index.html,26,html,c8d13e74,Miny-oung-K,2025-10-17,16:18:39,-07:00,2025-10-17T16:18:39-07:00,3,3
contact/index.html,27,html,c8d13e74,Miny-oung-K,2025-10-17,16:18:39,-07:00,2025-10-17T16:18:39-07:00,3,59
contact/index.html,28,html,c8d13e74,Miny-oung-K,2025-10-17,16:18:39,-07:00,2025-10-17T16:18:39-07:00,2,6
contact/index.html,29,html,a5f40a7c,Miny-oung-K,2025-10-02,14:44:49,-07:00,2025-10-02T14:44:49-07:00,0,0
contact/index.html,30,html,c8d13e74,Miny-oung-K,2025-10-17,16:18:39,-07:00,2025-10-17T16:18:39-07:00,2,33
contact/index.html,31,html,c8d13e74,Miny-oung-K,2025-10-17,16:18:39,-07:00,2025-10-17T16:18:39-07:00,1,5
contact/index.html,32,html,2f6b9632,Miny-oung-K,2025-09-28,16:51:51,-07:00,2025-09-28T16:51:51-07:00,0,5
contact/index.html,33,html,2f6b9632,Miny-oung-K,2025-09-28,16:51:51,-07:00,2025-09-28T16:51:51-07:00,0,5
